group,stock_name,trading_symbol,ath,cp,ema10,ema20,prev_change_pct,today_change_pct,instrument_key,ema5,last_updated
BANKING,ICICI BANK LTD.,ICICIBANK,1500.0,1405.9,1401.72,1396.68,0.43,0.42,NSE_EQ|INE090A01021,1401.94,2026-02-23T10:30:08.183905
Financial Services,360 ONE WAM Ltd,360ONE,1318.0,1105.1,1119.02,1127.3,-0.35,-0.44,NSE_EQ|INE466L01038,1110.97,2026-02-23T10:28:07.267372
Diversified,3M India Ltd.,3MINDIA,40856.5,36295.0,36297.31,35933.27,-1.81,-0.56,NSE_EQ|INE470A01017,36390.99,2026-02-23T10:28:07.746450
Financial Services,360 ONE WAM Ltd.,360ONE,1318.0,1105.1,1119.02,1127.3,-0.35,-0.44,NSE_EQ|INE466L01038,1110.97,2026-02-23T10:28:07.267372
Diversified,3M India Ltd.,3MINDIA,40856.5,36295.0,36297.31,35933.27,-1.81,-0.56,NSE_EQ|INE470A01017,36390.99,2026-02-23T10:28:07.746450
Capital Goods,ABB India Ltd.,ABB,9149.95,5953.0,5833.05,5684.43,4.58,-2.25,NSE_EQ|INE117A01022,5893.89,2026-02-23T10:28:08.313478
Construction Materials,ACC Ltd.,ACC,2844.0,1622.2,1639.68,1658.39,0.16,-0.4,NSE_EQ|INE012A01025,1626.82,2026-02-23T10:28:08.901438
Power,ACME Solar Holdings Ltd.,ACMESOLAR,324.3,233.3,229.43,226.93,1.26,0.56,NSE_EQ|INE622W01025,231.18,2026-02-23T10:28:09.454977
Capital Goods,AIA Engineering Ltd.,AIAENG,4949.95,3924.7,3954.28,3953.52,-0.28,-0.78,NSE_EQ|INE212H01026,3946.62,2026-02-23T10:28:10.071098
Capital Goods,APL Apollo Tubes Ltd.,APLAPOLLO,2301.4,2196.1,2206.04,2164.66,-0.7,0.25,NSE_EQ|INE702C01027,2206.93,2026-02-23T10:28:10.640100
Financial Services,AU Small Finance Bank Ltd.,AUBANK,1039.2,958.75,999.54,996.48,1.54,-3.45,NSE_EQ|INE949L01017,997.56,2026-02-23T10:28:11.110793
Fast Moving Consumer Goods,AWL Agri Business Ltd.,AWL,878.0,198.46,203.06,207.35,-1.04,-1.48,NSE_EQ|INE699H01024,200.42,2026-02-23T10:28:11.698629
Financial Services,Aadhar Housing Finance Ltd.,AADHARHFC,547.8,474.2,472.65,473.58,0.07,-1.08,NSE_EQ|INE883F01010,473.65,2026-02-23T10:28:12.264346
Chemicals,Aarti Industries Ltd.,AARTIIND,1168.0,448.75,449.56,433.85,-0.08,-1.16,NSE_EQ|INE769A01020,452.39,2026-02-23T10:28:12.794872
Financial Services,Aavas Financiers Ltd.,AAVAS,3340.0,1270.0,1304.72,1341.35,-0.08,-1.67,NSE_EQ|INE216P01012,1285.84,2026-02-23T10:28:13.416467
Healthcare,Abbott India Ltd.,ABBOTINDIA,37000.0,26490.0,26603.52,26899.3,-0.75,0.28,NSE_EQ|INE358A01014,26458.75,2026-02-23T10:28:13.937986
Capital Goods,Action Construction Equipment Ltd.,ACE,1695.0,877.25,888.86,888.44,-0.1,0.95,NSE_EQ|INE731H01025,882.99,2026-02-23T10:28:14.466518
Power,Adani Energy Solutions Ltd.,ADANIENSOL,4236.75,1006.4,1005.49,990.18,0.31,0.33,NSE_EQ|INE931S01010,1009.08,2026-02-23T10:28:15.013245
Metals & Mining,Adani Enterprises Ltd.,ADANIENT,4190.0,2194.0,2184.23,2171.21,0.04,0.64,NSE_EQ|INE423A01024,2185.25,2026-02-23T10:28:15.508965
Power,Adani Green Energy Ltd.,ADANIGREEN,3050.0,982.0,976.15,960.96,-0.83,0.38,NSE_EQ|INE364U01010,981.62,2026-02-23T10:28:16.011031
Services,Adani Ports and Special Economic Zone Ltd.,ADANIPORTS,1621.4,1556.5,1532.89,1513.15,-0.12,3.01,NSE_EQ|INE742F01042,1537.71,2026-02-23T10:28:16.488036
Power,Adani Power Ltd.,ADANIPOWER,182.7,144.12,144.09,143.97,1.6,-0.71,NSE_EQ|INE814H01029,143.47,2026-02-23T10:28:17.019209
Oil Gas & Consumable Fuels,Adani Total Gas Ltd.,ATGL,4000.0,525.4,528.73,533.62,-0.61,0.65,NSE_EQ|INE399L01023,525.5,2026-02-23T10:28:17.634721
Financial Services,Aditya Birla Capital Ltd.,ABCAPITAL,369.3,347.5,346.03,346.53,-0.04,0.39,NSE_EQ|INE674K01013,346.25,2026-02-23T10:28:18.136107
Consumer Services,Aditya Birla Fashion and Retail Ltd.,ABFRL,364.4,70.75,70.79,70.46,-0.21,1.36,NSE_EQ|INE647O01011,70.8,2026-02-23T10:28:18.704294
Consumer Services,Aditya Birla Lifestyle Brands Ltd.,ABLBL,175.0,106.2,109.23,110.64,-0.64,-1.98,NSE_EQ|INE14LE01019,107.77,2026-02-23T10:28:19.274751
Forest Materials,Aditya Birla Real Estate Ltd.,ABREL,3140.0,1300.1,1348.22,1367.4,-2.55,-0.07,NSE_EQ|INE055A01016,1332.02,2026-02-23T10:28:19.834497
Financial Services,Aditya Birla Sun Life AMC Ltd.,ABSLAMC,921.0,921.15,884.36,856.61,3.12,-0.52,NSE_EQ|INE404A01024,904.94,2026-02-23T10:28:20.453861
Oil Gas & Consumable Fuels,Aegis Logistics Ltd.,AEGISLOG,1037.0,699.95,697.77,700.54,1.72,1.3,NSE_EQ|INE208C01025,695.62,2026-02-23T10:28:21.045450
Oil Gas & Consumable Fuels,Aegis Vopak Terminals Ltd.,AEGISVOPAK,302.0,231.1,218.93,220.19,-1.88,7.87,NSE_EQ|INE0INX01018,220.1,2026-02-23T10:28:21.583027
Construction,Afcons Infrastructure Ltd.,AFCONS,570.0,315.95,325.96,333.41,-0.06,-1.27,NSE_EQ|INE101I01011,321.08,2026-02-23T10:28:22.093430
Information Technology,Affle 3i Ltd.,AFFLE,2185.9,1512.4,1549.81,1585.14,-0.92,0.83,NSE_EQ|INE00WC01027,1520.9,2026-02-23T10:28:22.618196
Healthcare,Ajanta Pharmaceuticals Ltd.,AJANTPHARM,3485.0,2970.9,2928.28,2882.03,-0.63,1.05,NSE_EQ|INE031B01049,2952.25,2026-02-23T10:28:23.172711
Healthcare,Akums Drugs and Pharmaceuticals Ltd.,AKUMS,1175.9,474.5,473.72,464.19,-0.96,-1.17,NSE_EQ|INE09XN01023,478.38,2026-02-23T10:28:23.765147
Consumer Durables,Akzo Nobel India Ltd.,AKZOINDIA,4674.0,3063.1,3018.67,2997.88,0.51,-0.52,NSE_EQ|INE133A01011,3045.93,2026-02-23T10:28:24.276754
Healthcare,Alembic Pharmaceuticals Ltd.,APLLTD,1303.9,769.0,775.49,782.13,-0.25,0.52,NSE_EQ|INE901L01018,770.29,2026-02-23T10:28:24.795112
Healthcare,Alkem Laboratories Ltd.,ALKEM,6439.9,5411.5,5504.04,5576.27,1.16,-0.06,NSE_EQ|INE540L01014,5436.48,2026-02-23T10:28:25.261158
Chemicals,Alkyl Amines Chemicals Ltd.,ALKYLAMINE,4749.0,1515.1,1533.82,1548.09,-0.88,-0.58,NSE_EQ|INE150B01039,1523.41,2026-02-23T10:28:25.794239
Textiles,Alok Industries Ltd.,ALOKINDS,58.5,14.73,15.09,15.28,-1.87,-1.47,NSE_EQ|INE270A01029,14.89,2026-02-23T10:28:26.431242
Automobile and Auto Components,Amara Raja Energy & Mobility Ltd.,ARE&M,1775.95,866.0,858.44,861.8,1.33,0.73,NSE_EQ|INE885A01032,857.65,2026-02-23T10:28:26.989921
Consumer Durables,Amber Enterprises India Ltd.,AMBER,8626.0,7810.0,7563.12,7189.24,-0.71,1.76,NSE_EQ|INE371P01015,7738.1,2026-02-23T10:28:27.504784
Construction Materials,Ambuja Cements Ltd.,AMBUJACEM,706.95,514.25,520.9,525.89,-0.03,0.44,NSE_EQ|INE079A01024,516.67,2026-02-23T10:28:28.129023
Financial Services,Anand Rathi Wealth Ltd.,ANANDRATHI,3321.4,3023.0,3002.23,2994.69,0.11,-0.46,NSE_EQ|INE463V01026,3014.29,2026-02-23T10:28:28.962033
Realty,Anant Raj Ltd.,ANANTRAJ,947.9,546.35,547.59,546.11,1.24,-1.22,NSE_EQ|INE242C01024,547.66,2026-02-23T10:28:29.504702
Financial Services,Angel One Ltd.,ANGELONE,3896.0,2493.6,2573.54,2585.0,-0.51,-1.2,NSE_EQ|INE732I01013,2534.66,2026-02-23T10:28:29.985196
Capital Goods,Apar Industries Ltd.,APARINDS,11779.9,10834.0,9957.54,9441.67,5.3,2.21,NSE_EQ|INE372A01015,10325.31,2026-02-23T10:28:30.579967
Healthcare,Apollo Hospitals Enterprise Ltd.,APOLLOHOSP,8099.5,7655.5,7525.7,7385.89,1.0,-0.32,NSE_EQ|INE437A01024,7610.85,2026-02-23T10:28:31.140357
Automobile and Auto Components,Apollo Tyres Ltd.,APOLLOTYRE,584.9,445.85,473.62,485.07,-1.89,-2.59,NSE_EQ|INE438A01022,461.59,2026-02-23T10:28:31.730011
Financial Services,Aptus Value Housing Finance India Ltd.,APTUS,401.65,249.0,250.77,256.9,-1.25,2.09,NSE_EQ|INE852O01025,247.32,2026-02-23T10:28:32.265209
Automobile and Auto Components,Asahi India Glass Ltd.,ASAHIINDIA,1074.0,940.4,952.61,960.01,1.43,-0.84,NSE_EQ|INE439A01020,945.75,2026-02-23T10:28:32.774081
Capital Goods,Ashok Leyland Ltd.,ASHOKLEY,215.42,211.28,206.7,202.55,3.11,0.72,NSE_EQ|INE208A01029,208.38,2026-02-23T10:28:33.280834
Consumer Durables,Asian Paints Ltd.,ASIANPAINT,3590.0,2435.7,2423.13,2461.61,2.1,0.45,NSE_EQ|INE021A01026,2423.24,2026-02-23T10:28:34.042183
Healthcare,Aster DM Healthcare Ltd.,ASTERDM,732.2,643.5,617.16,601.84,-0.74,0.86,NSE_EQ|INE914M01019,631.42,2026-02-23T10:28:34.572001
Healthcare,AstraZenca Pharma India Ltd.,ASTRAZEN,10691.0,8871.5,8858.17,8777.95,0.11,-0.25,NSE_EQ|INE203A01020,8886.57,2026-02-23T10:28:35.110688
Capital Goods,Astral Ltd.,ASTRAL,2454.0,1641.7,1605.95,1561.76,1.58,-0.44,NSE_EQ|INE006I01046,1630.58,2026-02-23T10:28:35.634714
Automobile and Auto Components,Ather Energy Ltd.,ATHERENERG,790.0,713.35,713.18,698.8,-2.5,0.48,NSE_EQ|INE0LEZ01016,717.52,2026-02-23T10:28:36.154494
Chemicals,Atul Ltd.,ATUL,10969.0,6598.0,6561.84,6444.68,-0.29,-0.39,NSE_EQ|INE100A01010,6599.09,2026-02-23T10:28:36.683091
Healthcare,Aurobindo Pharma Ltd.,AUROPHARMA,1592.0,1169.5,1167.96,1170.27,-1.28,0.29,NSE_EQ|INE406A01037,1167.05,2026-02-23T10:28:37.220561
Financial Services,Authum Investment & Infrastructure Ltd.,AIIL,683.0,504.75,503.75,513.82,-0.71,-1.7,NSE_EQ|INE206F01022,503.71,2026-02-23T10:28:37.774764
Consumer Services,Avenue Supermarts Ltd.,DMART,5900.0,3849.7,3876.51,3855.65,0.47,-1.01,NSE_EQ|INE192R01011,3869.96,2026-02-23T10:28:38.351248
Financial Services,Axis Bank Ltd.,AXISBANK,1418.3,1398.9,1362.69,1346.89,1.28,1.33,NSE_EQ|INE238A01034,1373.97,2026-02-23T10:28:38.849317
Chemicals,BASF India Ltd.,BASF,8750.0,3555.7,3639.52,3675.52,0.65,-0.12,NSE_EQ|INE373A01013,3596.93,2026-02-23T10:28:39.426352
Capital Goods,BEML Ltd.,BEML,2744.0,1691.9,1725.01,1734.92,-0.5,-1.06,NSE_EQ|INE258A01024,1715.27,2026-02-23T10:28:39.984911
Consumer Services,BLS International Services Ltd.,BLS,521.8,287.35,279.8,281.61,-3.05,5.57,NSE_EQ|INE153T01027,279.55,2026-02-23T10:28:40.509233
Financial Services,BSE Ltd.,BSE,3227.0,2732.0,2828.36,2840.55,-0.05,-1.55,NSE_EQ|INE118H01025,2777.14,2026-02-23T10:28:41.006556
Automobile and Auto Components,Bajaj Auto Ltd.,BAJAJ-AUTO,12774.0,9890.0,9789.72,9703.14,0.84,0.4,NSE_EQ|INE917I01010,9832.46,2026-02-23T10:28:41.537270
Financial Services,Bajaj Finance Ltd.,BAJFINANCE,1102.5,1038.35,1011.19,992.71,1.41,0.57,NSE_EQ|INE296A01032,1025.31,2026-02-23T10:28:42.105575
Financial Services,Bajaj Finserv Ltd.,BAJAJFINSV,2195.0,2056.8,2039.81,2024.45,1.24,0.33,NSE_EQ|INE918I01026,2050.12,2026-02-23T10:28:42.568142
Financial Services,Bajaj Holdings & Investment Ltd.,BAJAJHLDNG,14763.0,11246.0,11148.05,11057.44,0.0,0.23,NSE_EQ|INE118A01012,11211.22,2026-02-23T10:28:43.072783
Financial Services,Bajaj Housing Finance Ltd.,BAJAJHFL,188.5,88.2,89.04,89.89,-0.14,-0.79,NSE_EQ|INE377Y01014,88.48,2026-02-23T10:28:43.622990
Automobile and Auto Components,Balkrishna Industries Ltd.,BALKRISIND,3375.0,2504.1,2549.76,2536.15,-1.39,-0.62,NSE_EQ|INE787D01026,2528.1,2026-02-23T10:28:44.154164
Fast Moving Consumer Goods,Balrampur Chini Mills Ltd.,BALRAMCHIN,691.8,456.65,457.61,450.17,-0.11,-1.14,NSE_EQ|INE119A01028,459.21,2026-02-23T10:28:44.683307
Financial Services,Bandhan Bank Ltd.,BANDHANBNK,741.8,172.02,167.98,163.03,1.44,0.01,NSE_EQ|INE545U01014,170.47,2026-02-23T10:28:45.210545
Financial Services,Bank of Baroda,BANKBARODA,313.35,313.65,301.74,298.48,1.83,0.87,NSE_EQ|INE028A01039,306.67,2026-02-23T10:28:45.739265
Financial Services,Bank of India,BANKINDIA,216.8,174.12,168.92,165.42,1.6,0.99,NSE_EQ|INE084A01016,171.2,2026-02-23T10:28:46.306711
Financial Services,Bank of Maharashtra,MAHABANK,73.5,70.25,67.63,66.41,1.91,1.28,NSE_EQ|INE457A01014,68.67,2026-02-23T10:28:46.846104
Consumer Durables,Bata India Ltd.,BATAINDIA,2262.0,815.85,839.32,855.73,-1.94,-0.02,NSE_EQ|INE176A01028,825.87,2026-02-23T10:28:47.361829
Chemicals,Bayer Cropscience Ltd.,BAYERCROP,7196.85,4806.0,4742.45,4659.78,0.0,0.12,NSE_EQ|INE462A01022,4787.14,2026-02-23T10:28:47.937771
Consumer Durables,Berger Paints India Ltd.,BERGEPAINT,727.45,461.6,462.06,470.65,-0.2,1.01,NSE_EQ|INE463A01038,459.76,2026-02-23T10:28:48.481293
Capital Goods,Bharat Dynamics Ltd.,BDL,2096.6,1274.6,1289.37,1322.77,3.1,-3.41,NSE_EQ|INE171Z01026,1283.17,2026-02-23T10:28:48.995425
Capital Goods,Bharat Electronics Ltd.,BEL,461.65,439.55,439.57,435.69,1.41,-0.73,NSE_EQ|INE263A01024,440.34,2026-02-23T10:28:49.471845
Automobile and Auto Components,Bharat Forge Ltd.,BHARATFORG,1804.5,1818.0,1729.15,1653.15,1.74,1.11,NSE_EQ|INE465A01025,1775.46,2026-02-23T10:28:49.954483
Capital Goods,Bharat Heavy Electricals Ltd.,BHEL,335.35,258.4,260.19,262.22,1.7,0.14,NSE_EQ|INE257A01026,258.59,2026-02-23T10:28:50.466645
Oil Gas & Consumable Fuels,Bharat Petroleum Corporation Ltd.,BPCL,391.65,370.05,373.4,372.85,0.4,0.01,NSE_EQ|INE029A01011,371.29,2026-02-23T10:28:50.996837
Telecommunication,Bharti Airtel Ltd.,BHARTIARTL,2174.5,1991.6,2002.04,2007.2,-0.19,-0.12,NSE_EQ|INE397D01024,1996.26,2026-02-23T10:28:51.531335
Telecommunication,Bharti Hexacom Ltd.,BHARTIHEXA,2052.9,1702.8,1684.09,1674.06,1.21,0.44,NSE_EQ|INE343G01021,1692.41,2026-02-23T10:28:52.102359
Fast Moving Consumer Goods,Bikaji Foods International Ltd.,BIKAJI,1007.95,633.3,643.31,653.81,-0.7,-0.33,NSE_EQ|INE00E101023,637.72,2026-02-23T10:28:52.636635
Healthcare,Biocon Ltd.,BIOCON,487.75,385.35,379.59,377.23,-0.04,-0.41,NSE_EQ|INE376G01013,382.45,2026-02-23T10:28:53.253417
Information Technology,Birlasoft Ltd.,BSOFT,861.85,379.7,397.7,409.48,-1.14,-0.84,NSE_EQ|INE836A01035,385.43,2026-02-23T10:28:53.750795
Services,Blue Dart Express Ltd.,BLUEDART,9640.0,5633.0,5720.22,5687.13,-0.72,-0.27,NSE_EQ|INE233B01017,5693.79,2026-02-23T10:28:54.255252
Healthcare,Blue Jet Healthcare Ltd.,BLUEJET,1027.8,368.2,381.06,403.42,-4.08,2.56,NSE_EQ|INE0KBH01020,367.92,2026-02-23T10:28:54.781782
Consumer Durables,Blue Star Ltd.,BLUESTARCO,2417.0,1987.2,1964.06,1919.47,0.43,0.42,NSE_EQ|INE472A01039,1981.26,2026-02-23T10:28:55.319029
Fast Moving Consumer Goods,Bombay Burmah Trading Corporation Ltd.,BBTC,2975.0,1795.2,1793.45,1789.51,0.38,0.84,NSE_EQ|INE050A01025,1793.96,2026-02-23T10:28:55.861702
Automobile and Auto Components,Bosch Ltd.,BOSCHLTD,41945.0,35265.0,35570.79,35875.65,0.46,0.28,NSE_EQ|INE323A01026,35348.58,2026-02-23T10:28:56.321957
Consumer Services,Brainbees Solutions Ltd.,FIRSTCRY,734.0,217.55,235.99,249.9,2.67,-1.27,NSE_EQ|INE02RE01045,223.79,2026-02-23T10:28:56.861388
Realty,Brigade Enterprises Ltd.,BRIGADE,1453.1,750.2,755.49,768.7,0.07,1.26,NSE_EQ|INE791I01019,747.94,2026-02-23T10:28:57.344462
Fast Moving Consumer Goods,Britannia Industries Ltd.,BRITANNIA,6469.9,6090.0,6062.73,6009.25,-0.17,-0.75,NSE_EQ|INE216A01030,6097.83,2026-02-23T10:28:57.830316
Information Technology,C.E. Info Systems Ltd.,MAPMYINDIA,2747.85,1103.7,1173.06,1240.5,-1.43,-0.76,NSE_EQ|INE0BV301023,1133.25,2026-02-23T10:28:58.334291
Fast Moving Consumer Goods,CCL Products (I) Ltd.,CCL,1074.4,1032.1,1004.96,994.52,-0.3,2.7,NSE_EQ|INE421D01022,1009.91,2026-02-23T10:28:58.888917
Power,CESC Ltd.,CESC,212.49,155.04,153.76,153.46,2.97,-0.96,NSE_EQ|INE486A01021,154.35,2026-02-23T10:28:59.402209
Capital Goods,CG Power and Industrial Solutions Ltd.,CGPOWER,874.7,717.15,693.51,671.66,2.91,-0.4,NSE_EQ|INE067A01029,706.03,2026-02-23T10:28:59.932960
Financial Services,CRISIL Ltd.,CRISIL,6950.0,4612.0,4594.44,4610.51,0.25,0.99,NSE_EQ|INE007A01025,4580.24,2026-02-23T10:29:00.475385
Consumer Durables,Campus Activewear Ltd.,CAMPUS,639.3,268.85,269.76,267.92,-0.3,1.19,NSE_EQ|INE278Y01022,268.97,2026-02-23T10:29:01.056186
Financial Services,Can Fin Homes Ltd.,CANFINHOME,971.5,902.0,900.33,905.6,-0.03,0.85,NSE_EQ|INE477A01020,896.56,2026-02-23T10:29:01.626820
Financial Services,Canara Bank,CANBK,160.79,156.28,150.38,149.63,3.32,0.83,NSE_EQ|INE476A01022,152.41,2026-02-23T10:29:02.127491
Healthcare,Caplin Point Laboratories Ltd.,CAPLIPOINT,2641.0,1694.4,1724.1,1751.43,-0.48,-0.33,NSE_EQ|INE475E01026,1704.91,2026-02-23T10:29:02.991679
Financial Services,Capri Global Capital Ltd.,CGCL,289.25,172.9,174.4,174.8,-0.06,-0.35,NSE_EQ|INE180C01042,173.93,2026-02-23T10:29:03.574495
Capital Goods,Carborundum Universal Ltd.,CARBORUNIV,1841.15,848.75,833.78,825.54,0.35,-0.38,NSE_EQ|INE120A01034,841.63,2026-02-23T10:29:04.230989
Oil Gas & Consumable Fuels,Castrol India Ltd.,CASTROLIND,284.4,187.2,187.13,186.79,-0.14,-0.29,NSE_EQ|INE172A01027,187.41,2026-02-23T10:29:04.777761
Automobile and Auto Components,Ceat Ltd.,CEATLTD,4438.0,3790.3,3857.27,3856.79,-0.16,-0.15,NSE_EQ|INE482A01020,3827.41,2026-02-23T10:29:05.324573
Financial Services,Central Bank of India,CENTRALBK,123.25,38.97,38.02,37.7,1.35,0.31,NSE_EQ|INE483A01010,38.37,2026-02-23T10:29:05.869758
Financial Services,Central Depository Services (India) Ltd.,CDSL,1989.8,1326.4,1339.76,1350.24,-0.01,-0.27,NSE_EQ|INE736A01011,1332.16,2026-02-23T10:29:06.379418
Consumer Durables,Century Plyboards (India) Ltd.,CENTURYPLY,935.0,756.95,766.79,773.07,-0.99,0.26,NSE_EQ|INE348B01021,760.19,2026-02-23T10:29:06.936386
Consumer Durables,Cera Sanitaryware Ltd,CERA,10789.95,5139.8,5139.03,5134.17,-0.47,-0.12,NSE_EQ|INE739E01017,5134.39,2026-02-23T10:29:07.529362
Consumer Services,Chalet Hotels Ltd.,CHALET,1082.0,866.65,866.15,865.0,0.48,-0.24,NSE_EQ|INE427F01016,866.09,2026-02-23T10:29:08.081844
Chemicals,Chambal Fertilizers & Chemicals Ltd.,CHAMBLFERT,742.2,455.5,453.12,449.6,-0.94,-0.46,NSE_EQ|INE085A01013,455.45,2026-02-23T10:29:08.652948
Oil Gas & Consumable Fuels,Chennai Petroleum Corporation Ltd.,CHENNPETRO,1275.0,883.0,890.42,883.51,-0.94,-0.34,NSE_EQ|INE178A01016,889.42,2026-02-23T10:29:09.173206
Financial Services,Choice International Ltd.,CHOICEIN,860.5,786.05,782.24,780.48,0.66,-2.72,NSE_EQ|INE102B01014,788.23,2026-02-23T10:29:09.671073
Financial Services,Cholamandalam Financial Holdings Ltd.,CHOLAHLDNG,2231.6,1681.7,1713.81,1718.97,-1.48,-0.62,NSE_EQ|INE149A01033,1705.77,2026-02-23T10:29:10.238054
Financial Services,Cholamandalam Investment and Finance Company Ltd.,CHOLAFIN,1831.5,1700.4,1701.67,1699.96,-0.06,1.37,NSE_EQ|INE121A01024,1696.26,2026-02-23T10:29:10.825029
Healthcare,Cipla Ltd.,CIPLA,1702.05,1331.6,1338.72,1348.02,0.92,-0.32,NSE_EQ|INE059A01026,1337.33,2026-02-23T10:29:11.381670
Financial Services,City Union Bank Ltd.,CUB,324.1,289.85,285.21,285.48,-0.11,2.89,NSE_EQ|INE491A01021,285.26,2026-02-23T10:29:11.909103
Chemicals,Clean Science and Technology Ltd.,CLEAN,2705.0,721.1,750.62,778.44,-3.26,1.14,NSE_EQ|INE227W01023,732.66,2026-02-23T10:29:12.413754
Oil Gas & Consumable Fuels,Coal India Ltd.,COALINDIA,543.55,424.05,422.19,423.18,1.81,-0.46,NSE_EQ|INE522F01014,421.59,2026-02-23T10:29:12.951866
Capital Goods,Cochin Shipyard Ltd.,COCHINSHIP,2979.45,1501.5,1511.43,1519.45,-0.24,-1.06,NSE_EQ|INE704P01025,1510.76,2026-02-23T10:29:13.549057
Information Technology,Coforge Ltd.,COFORGE,2005.5,1302.5,1401.06,1481.33,0.01,-2.86,NSE_EQ|INE591G01025,1349.56,2026-02-23T10:29:14.099258
Healthcare,Cohance Lifesciences Ltd.,COHANCE,1360.0,312.6,324.45,347.96,-3.03,0.84,NSE_EQ|INE03QK01018,314.65,2026-02-23T10:29:14.608992
Fast Moving Consumer Goods,Colgate Palmolive (India) Ltd.,COLPAL,3890.0,2205.7,2170.02,2154.41,1.42,0.35,NSE_EQ|INE259A01022,2185.08,2026-02-23T10:29:15.118745
Financial Services,Computer Age Management Services Ltd.,CAMS,1073.5,725.75,727.38,726.14,0.11,0.13,NSE_EQ|INE596I01020,726.44,2026-02-23T10:29:15.628519
Healthcare,Concord Biotech Ltd.,CONCORDBIO,2664.0,1096.2,1151.56,1186.23,-2.41,-2.09,NSE_EQ|INE338H01029,1122.35,2026-02-23T10:29:16.142354
Services,Container Corporation of India Ltd.,CONCOR,944.0,509.9,507.13,508.04,-0.1,0.97,NSE_EQ|INE111A01025,506.65,2026-02-23T10:29:16.671241
Chemicals,Coromandel International Ltd.,COROMANDEL,2718.9,2265.0,2293.14,2288.28,-1.57,-1.22,NSE_EQ|INE169A01031,2291.93,2026-02-23T10:29:17.222640
Automobile and Auto Components,Craftsman Automation Ltd.,CRAFTSMAN,8220.0,8075.0,7929.31,7825.55,0.09,0.06,NSE_EQ|INE00LO01017,7999.81,2026-02-23T10:29:17.736705
Financial Services,CreditAccess Grameen Ltd.,CREDITACC,1796.0,1327.5,1286.92,1289.2,0.45,2.44,NSE_EQ|INE741K01010,1293.85,2026-02-23T10:29:18.325910
Consumer Durables,Crompton Greaves Consumer Electricals Ltd.,CROMPTON,512.8,265.86,263.92,257.56,0.16,-1.35,NSE_EQ|INE299U01018,266.71,2026-02-23T10:29:18.909631
Capital Goods,Cummins India Ltd.,CUMMINSIND,4786.4,4858.0,4598.38,4457.02,2.02,1.25,NSE_EQ|INE298A01020,4713.23,2026-02-23T10:29:19.438207
Information Technology,Cyient Ltd.,CYIENT,2458.95,978.5,1016.3,1050.58,-0.4,-1.66,NSE_EQ|INE136B01020,995.03,2026-02-23T10:29:19.975963
Diversified,DCM Shriram Ltd.,DCMSHRIRAM,1502.3,1094.0,1111.77,1129.66,0.91,1.2,NSE_EQ|INE499A01024,1098.79,2026-02-23T10:29:20.521289
Realty,DLF Ltd.,DLF,967.6,623.35,636.68,642.27,1.5,-1.45,NSE_EQ|INE271C01023,630.39,2026-02-23T10:29:21.020688
Fast Moving Consumer Goods,DOMS Industries Ltd.,DOMS,3115.0,2297.0,2353.66,2386.79,-0.3,-0.69,NSE_EQ|INE321T01012,2326.11,2026-02-23T10:29:21.536854
Fast Moving Consumer Goods,Dabur India Ltd.,DABUR,672.0,510.3,510.91,511.2,1.71,0.26,NSE_EQ|INE016A01026,509.96,2026-02-23T10:29:22.094441
Construction Materials,Dalmia Bharat Ltd.,DALBHARAT,2548.4,2090.7,2112.75,2118.27,-0.8,0.08,NSE_EQ|INE00R701025,2098.64,2026-02-23T10:29:22.578272
Capital Goods,Data Patterns (India) Ltd.,DATAPATTNS,3655.0,3050.0,2874.39,2776.15,2.92,1.18,NSE_EQ|INE0IX101010,2950.72,2026-02-23T10:29:23.153956
Chemicals,Deepak Fertilisers & Petrochemicals Corp. Ltd.,DEEPAKFERT,1778.6,998.8,1023.36,1052.1,-0.9,-1.21,NSE_EQ|INE501A01019,1010.54,2026-02-23T10:29:23.706292
Chemicals,Deepak Nitrite Ltd.,DEEPAKNTR,3169.0,1617.9,1632.77,1631.1,-2.08,0.87,NSE_EQ|INE288B01029,1626.42,2026-02-23T10:29:24.233062
Services,Delhivery Ltd.,DELHIVERY,708.0,435.05,430.37,426.86,0.71,0.17,NSE_EQ|INE148O01028,431.48,2026-02-23T10:29:24.734279
Consumer Services,Devyani International Ltd.,DEVYANI,227.5,132.53,131.62,130.1,-0.05,-0.69,NSE_EQ|INE872J01023,132.54,2026-02-23T10:29:25.261318
Healthcare,Divi's Laboratories Ltd.,DIVISLAB,7071.5,6306.0,6238.16,6213.82,-0.1,-0.49,NSE_EQ|INE361B01024,6274.25,2026-02-23T10:29:25.802182
Consumer Durables,Dixon Technologies (India) Ltd.,DIXON,19148.9,10873.0,11284.91,11301.28,-0.7,-2.05,NSE_EQ|INE935N01020,11181.04,2026-02-23T10:29:26.328822
Healthcare,Dr. Agarwal's Health Care Ltd.,AGARWALEYE,568.0,442.7,450.36,454.73,-1.31,-1.18,NSE_EQ|INE943P01029,447.91,2026-02-23T10:29:26.865034
Healthcare,Dr. Lal Path Labs Ltd.,LALPATHLAB,2122.8,1398.8,1413.83,1417.83,0.01,-0.38,NSE_EQ|INE600L01024,1407.62,2026-02-23T10:29:27.453280
Healthcare,Dr. Reddy's Laboratories Ltd.,DRREDDY,1421.5,1293.3,1274.2,1259.2,-0.12,0.26,NSE_EQ|INE089A01031,1283.39,2026-02-23T10:29:27.949651
Fast Moving Consumer Goods,E.I.D. Parry (India) Ltd.,EIDPARRY,1246.8,881.05,899.63,908.49,-0.91,-0.99,NSE_EQ|INE126A01031,893.21,2026-02-23T10:29:28.504902
Consumer Services,EIH Ltd.,EIHOTEL,502.2,324.25,330.3,332.66,0.8,-0.84,NSE_EQ|INE230A01023,327.9,2026-02-23T10:29:29.107422
Automobile and Auto Components,Eicher Motors Ltd.,EICHERMOT,8140.0,8039.5,7848.7,7656.15,0.53,0.62,NSE_EQ|INE066A01021,7964.98,2026-02-23T10:29:29.605940
Capital Goods,Elecon Engineering Co. Ltd.,ELECON,739.1,426.95,433.09,432.99,-0.86,0.92,NSE_EQ|INE205B01031,429.53,2026-02-23T10:29:30.156357
Capital Goods,Elgi Equipments Ltd.,ELGIEQUIP,798.95,536.55,516.41,498.1,2.25,0.29,NSE_EQ|INE285A01027,528.01,2026-02-23T10:29:30.698087
Fast Moving Consumer Goods,Emami Ltd.,EMAMILTD,860.0,476.65,486.9,491.37,-0.21,-0.65,NSE_EQ|INE548C01032,482.84,2026-02-23T10:29:31.263320
Healthcare,Emcure Pharmaceuticals Ltd.,EMCURE,1585.6,1403.1,1455.77,1471.6,0.76,-0.84,NSE_EQ|INE168P01015,1436.38,2026-02-23T10:29:31.834808
Automobile and Auto Components,Endurance Technologies Ltd.,ENDURANCE,3079.9,2504.0,2488.55,2488.82,1.14,1.38,NSE_EQ|INE913H01037,2486.6,2026-02-23T10:29:32.422572
Construction,Engineers India Ltd.,ENGINERSIN,303.9,218.96,207.1,198.04,-1.33,0.95,NSE_EQ|INE510A01028,214.75,2026-02-23T10:29:32.961317
Healthcare,Eris Lifesciences Ltd.,ERIS,1910.0,1339.0,1371.46,1396.18,1.31,-0.25,NSE_EQ|INE406M01024,1349.55,2026-02-23T10:29:33.534475
Capital Goods,Escorts Kubota Ltd.,ESCORTS,4420.0,3518.0,3538.13,3572.49,-1.5,2.12,NSE_EQ|INE042A01014,3501.7,2026-02-23T10:29:34.144028
Consumer Services,Eternal Ltd.,ETERNAL,368.45,266.35,278.01,280.49,-0.5,-1.44,NSE_EQ|INE758T01015,273.08,2026-02-23T10:29:34.642993
Automobile and Auto Components,Exide Industries Ltd.,EXIDEIND,620.35,336.65,337.09,337.18,0.98,0.06,NSE_EQ|INE302A01020,337.14,2026-02-23T10:29:35.131464
Consumer Services,FSN E-Commerce Ventures Ltd.,NYKAA,428.95,267.22,268.49,264.58,-0.31,0.08,NSE_EQ|INE388Y01029,268.59,2026-02-23T10:29:35.604138
Financial Services,Federal Bank Ltd.,FEDERALBNK,298.25,292.85,289.46,285.96,1.05,-0.36,NSE_EQ|INE171A01029,291.01,2026-02-23T10:29:36.111792
Chemicals,Fertilisers and Chemicals Travancore Ltd.,FACT,1187.0,781.25,791.79,800.18,0.13,-0.08,NSE_EQ|INE188A01015,787.06,2026-02-23T10:29:36.692309
Capital Goods,Finolex Cables Ltd.,FINCABLES,1700.0,812.1,801.27,787.32,-1.14,1.66,NSE_EQ|INE235A01022,806.4,2026-02-23T10:29:37.253158
Capital Goods,Finolex Industries Ltd.,FINPIPE,355.9,186.6,186.58,183.27,0.78,-1.94,NSE_EQ|INE183A01024,188.14,2026-02-23T10:29:37.791685
Services,Firstsource Solutions Ltd.,FSL,422.3,246.65,261.41,277.55,-3.51,0.67,NSE_EQ|INE684F01012,251.76,2026-02-23T10:29:38.369735
Financial Services,Five-Star Business Finance Ltd.,FIVESTAR,943.75,438.0,442.75,454.47,-0.74,-1.56,NSE_EQ|INE128S01021,440.17,2026-02-23T10:29:38.944584
Automobile and Auto Components,Force Motors Ltd.,FORCEMOT,26450.0,24476.0,24020.37,22907.95,1.37,-1.31,NSE_EQ|INE451A01017,24501.17,2026-02-23T10:29:39.520306
Healthcare,Fortis Healthcare Ltd.,FORTIS,1104.3,928.55,909.68,897.59,1.59,0.82,NSE_EQ|INE061F01013,918.45,2026-02-23T10:29:40.030882
Oil Gas & Consumable Fuels,GAIL (India) Ltd.,GAIL,246.3,167.28,165.91,165.33,1.48,-0.9,NSE_EQ|INE129A01019,166.9,2026-02-23T10:29:40.580603
Capital Goods,GE Vernova T&D India Ltd.,GVT&D,3819.0,3720.0,3613.89,3479.51,2.5,0.85,NSE_EQ|INE200A01026,3660.46,2026-02-23T10:29:41.144019
Services,GMR Airports Ltd.,GMRAIRPORT,110.36,100.78,98.87,98.14,0.75,-0.11,NSE_EQ|INE776C01039,99.75,2026-02-23T10:29:41.709458
Capital Goods,Garden Reach Shipbuilders & Engineers Ltd.,GRSE,3538.4,2447.9,2466.17,2469.01,1.86,-1.45,NSE_EQ|INE382Z01011,2460.91,2026-02-23T10:29:42.242140
Financial Services,General Insurance Corporation of India,GICRE,525.5,386.0,384.58,382.35,0.21,0.59,NSE_EQ|INE481Y01014,384.49,2026-02-23T10:29:42.802980
Fast Moving Consumer Goods,Gillette India Ltd.,GILLETTE,11500.0,8482.0,8557.62,8520.93,-0.14,-0.02,NSE_EQ|INE322A01010,8523.69,2026-02-23T10:29:43.343196
Healthcare,Gland Pharma Ltd.,GLAND,4350.0,1811.5,1828.59,1817.08,-0.19,-1.82,NSE_EQ|INE068V01023,1824.81,2026-02-23T10:29:43.927480
Healthcare,Glaxosmithkline Pharmaceuticals Ltd.,GLAXO,3515.7,2638.2,2587.38,2542.59,0.77,0.82,NSE_EQ|INE159A01016,2607.63,2026-02-23T10:29:44.449309
Healthcare,Glenmark Pharmaceuticals Ltd.,GLENMARK,2284.8,2036.7,2019.24,2006.21,1.91,-0.32,NSE_EQ|INE935A01035,2030.92,2026-02-23T10:29:44.953462
Healthcare,Global Health Ltd.,MEDANTA,1513.9,1158.2,1145.7,1138.45,0.07,2.31,NSE_EQ|INE474Q01031,1149.53,2026-02-23T10:29:45.555129
Financial Services,Go Digit General Insurance Ltd.,GODIGIT,407.4,333.5,329.45,327.87,0.15,-0.45,NSE_EQ|INE03JT01014,332.15,2026-02-23T10:29:46.092751
Capital Goods,Godawari Power & Ispat Ltd.,GPIL,290.0,264.16,263.23,260.47,0.37,-0.09,NSE_EQ|INE177H01039,264.43,2026-02-23T10:29:46.681437
Fast Moving Consumer Goods,Godfrey Phillips India Ltd.,GODFRYPHLP,3947.0,2304.0,2276.29,2219.6,0.31,-7.4,NSE_EQ|INE260B01028,2349.49,2026-02-23T10:29:47.219871
Fast Moving Consumer Goods,Godrej Agrovet Ltd.,GODREJAGRO,876.7,640.8,625.34,602.74,-0.27,0.12,NSE_EQ|INE850D01014,637.68,2026-02-23T10:29:47.750126
Fast Moving Consumer Goods,Godrej Consumer Products Ltd.,GODREJCP,1541.85,1215.9,1203.23,1199.71,1.46,0.82,NSE_EQ|INE102D01028,1207.56,2026-02-23T10:29:48.275844
Diversified,Godrej Industries Ltd.,GODREJIND,1390.0,1046.05,1012.57,1007.25,0.81,-0.38,NSE_EQ|INE233A01035,1022.78,2026-02-23T10:29:48.865667
Realty,Godrej Properties Ltd.,GODREJPROP,3402.7,1824.0,1813.99,1793.01,0.74,-0.6,NSE_EQ|INE484J01027,1830.1,2026-02-23T10:29:49.404058
Healthcare,Granules India Ltd.,GRANULES,721.0,595.9,581.01,577.73,4.18,-0.68,NSE_EQ|INE101D01020,587.17,2026-02-23T10:29:49.982026
Capital Goods,Graphite India Ltd.,GRAPHITE,1127.0,692.65,674.19,658.72,0.85,-0.62,NSE_EQ|INE371A01025,685.21,2026-02-23T10:29:50.514118
Construction Materials,Grasim Industries Ltd.,GRASIM,2979.0,2848.4,2875.5,2864.61,-1.12,0.15,NSE_EQ|INE047A01021,2866.89,2026-02-23T10:29:51.084350
Metals & Mining,Gravita India Ltd.,GRAVITA,2700.0,1584.1,1626.73,1637.13,-2.71,-0.68,NSE_EQ|INE024L01027,1610.56,2026-02-23T10:29:51.603685
Services,Great Eastern Shipping Co. Ltd.,GESHIP,1543.7,1309.5,1296.16,1266.27,-0.21,1.51,NSE_EQ|INE017A01032,1301.32,2026-02-23T10:29:52.215975
Chemicals,Gujarat Fluorochemicals Ltd.,FLUOROCHEM,4880.95,3407.2,3390.35,3364.82,0.9,-0.51,NSE_EQ|INE09N301011,3405.78,2026-02-23T10:29:52.767954
Oil Gas & Consumable Fuels,Gujarat Gas Ltd.,GUJGASLTD,786.0,407.1,413.41,415.01,-0.45,0.48,NSE_EQ|INE844O01030,409.79,2026-02-23T10:29:53.371658
Metals & Mining,Gujarat Mineral Development Corporation Ltd.,GMDCLTD,651.0,567.5,572.32,574.92,2.09,-1.14,NSE_EQ|INE131A01031,567.54,2026-02-23T10:29:53.911436
Oil Gas & Consumable Fuels,Gujarat State Petronet Ltd.,GSPL,469.7,302.4,304.27,304.49,-0.18,0.13,NSE_EQ|INE246F01010,302.89,2026-02-23T10:29:54.460324
Capital Goods,H.E.G. Ltd.,HEG,991.0,555.35,544.79,545.52,2.03,-0.3,NSE_EQ|INE545A01024,548.97,2026-02-23T10:29:55.042756
Capital Goods,HBL Engineering Ltd.,HBLENGINE,1122.0,712.3,740.14,757.96,-0.3,-1.76,NSE_EQ|INE292B01021,726.74,2026-02-23T10:29:55.588268
Information Technology,HCL Technologies Ltd.,HCLTECH,2012.2,1428.0,1484.14,1538.07,-0.45,-0.71,NSE_EQ|INE860A01027,1450.1,2026-02-23T10:29:56.152880
Financial Services,HDFC Asset Management Company Ltd.,HDFCAMC,2967.0,2756.3,2764.23,2725.21,-0.97,0.63,NSE_EQ|INE127D01025,2763.88,2026-02-23T10:29:56.683012
Financial Services,HDFC Bank Ltd.,HDFCBANK,1020.5,922.5,922.35,928.01,0.09,0.65,NSE_EQ|INE040A01034,919.57,2026-02-23T10:29:57.175482
Financial Services,HDFC Life Insurance Company Ltd.,HDFCLIFE,820.75,743.0,722.29,721.54,-0.61,1.78,NSE_EQ|INE795G01014,729.32,2026-02-23T10:29:57.703820
Telecommunication,HFCL Ltd.,HFCL,171.0,70.68,70.98,69.86,0.37,-1.37,NSE_EQ|INE548A01028,71.26,2026-02-23T10:29:58.290604
Information Technology,Happiest Minds Technologies Ltd.,HAPPSTMNDS,1580.0,378.25,385.67,394.97,-3.05,-0.46,NSE_EQ|INE419U01012,381.89,2026-02-23T10:29:58.829881
Consumer Durables,Havells India Ltd.,HAVELLS,2106.0,1411.6,1401.46,1387.07,0.99,-0.59,NSE_EQ|INE176B01034,1411.53,2026-02-23T10:29:59.345895
Automobile and Auto Components,Hero MotoCorp Ltd.,HEROMOTOCO,6388.5,5502.0,5555.12,5602.23,1.2,-0.05,NSE_EQ|INE158A01026,5509.77,2026-02-23T10:29:59.857990
Information Technology,Hexaware Technologies Ltd.,HEXT,900.0,506.75,561.79,602.46,-2.99,-2.91,NSE_EQ|INE093A01041,536.12,2026-02-23T10:30:00.430486
Chemicals,Himadri Speciality Chemical Ltd.,HSCL,688.7,487.35,471.91,466.79,3.47,-2.01,NSE_EQ|INE019C01026,479.12,2026-02-23T10:30:00.981461
Metals & Mining,Hindalco Industries Ltd.,HINDALCO,1029.8,931.6,926.1,931.01,3.11,-1.62,NSE_EQ|INE038A01020,922.79,2026-02-23T10:30:01.556080
Capital Goods,Hindustan Aeronautics Ltd.,HAL,5674.75,4050.0,4174.31,4229.35,0.97,-2.41,NSE_EQ|INE066F01020,4140.63,2026-02-23T10:30:02.159183
Metals & Mining,Hindustan Copper Ltd.,HINDCOPPER,760.05,568.25,577.55,579.8,0.72,-2.7,NSE_EQ|INE531E01026,569.98,2026-02-23T10:30:02.738636
Oil Gas & Consumable Fuels,Hindustan Petroleum Corporation Ltd.,HINDPETRO,508.45,435.5,444.91,447.67,0.21,0.11,NSE_EQ|INE094A01015,440.11,2026-02-23T10:30:03.276379
Fast Moving Consumer Goods,Hindustan Unilever Ltd.,HINDUNILVR,3035.0,2335.2,2338.2,2354.12,1.29,0.44,NSE_EQ|INE030A01027,2323.34,2026-02-23T10:30:03.862671
Metals & Mining,Hindustan Zinc Ltd.,HINDZINC,807.7,594.7,598.65,610.51,0.53,-2.03,NSE_EQ|INE267A01025,591.73,2026-02-23T10:30:04.368317
Capital Goods,Hitachi Energy India Ltd.,POWERINDIA,23998.0,24200.0,22865.91,21653.71,5.16,1.38,NSE_EQ|INE07Y701011,23549.21,2026-02-23T10:30:04.895540
Financial Services,Home First Finance Company India Ltd.,HOMEFIRST,1519.0,1175.8,1170.12,1161.86,0.87,0.58,NSE_EQ|INE481N01025,1170.09,2026-02-23T10:30:05.512438
Fast Moving Consumer Goods,Honasa Consumer Ltd.,HONASA,547.0,308.25,299.85,293.92,-1.38,0.57,NSE_EQ|INE0J5401028,303.63,2026-02-23T10:30:06.078386
Capital Goods,Honeywell Automation India Ltd.,HONAUT,59994.0,31310.0,31500.34,31937.36,-0.66,1.0,NSE_EQ|INE671A01010,31246.39,2026-02-23T10:30:06.637018
Financial Services,Housing & Urban Development Corporation Ltd.,HUDCO,353.7,195.56,195.73,197.74,0.28,-0.48,NSE_EQ|INE031A01017,195.56,2026-02-23T10:30:07.155586
Automobile and Auto Components,Hyundai Motor India Ltd.,HYUNDAI,2890.0,2238.1,2214.38,2214.5,5.78,-1.62,NSE_EQ|INE0V6F01027,2229.61,2026-02-23T10:30:07.682151
Financial Services,ICICI Bank Ltd.,ICICIBANK,1500.0,1405.9,1401.72,1396.68,0.43,0.42,NSE_EQ|INE090A01021,1401.94,2026-02-23T10:30:08.183905
Financial Services,ICICI Lombard General Insurance Company Ltd.,ICICIGI,2301.9,1958.7,1927.56,1909.18,-0.02,0.96,NSE_EQ|INE765G01017,1942.42,2026-02-23T10:30:08.696375
Financial Services,ICICI Prudential Life Insurance Company Ltd.,ICICIPRULI,796.8,662.95,649.34,649.04,0.98,1.21,NSE_EQ|INE726G01019,652.56,2026-02-23T10:30:09.264762
Financial Services,IDBI Bank Ltd.,IDBI,118.38,114.02,111.11,108.44,1.19,0.15,NSE_EQ|INE008A01015,112.68,2026-02-23T10:30:09.757374
Financial Services,IDFC First Bank Ltd.,IDFCFIRSTB,100.7,69.84,80.92,82.15,1.1,-7.08,NSE_EQ|INE092T01019,78.87,2026-02-23T10:30:10.273484
Financial Services,IFCI Ltd.,IFCI,91.4,60.06,61.22,60.28,-1.59,-1.3,NSE_EQ|INE039A01010,61.01,2026-02-23T10:30:10.810576
Financial Services,IIFL Finance Ltd.,IIFL,848.95,513.7,511.66,523.94,-0.28,1.92,NSE_EQ|INE530B01024,508.18,2026-02-23T10:30:11.313075
Capital Goods,INOX India Ltd.,INOXINDIA,1506.9,1137.6,1144.57,1139.99,0.69,0.09,NSE_EQ|INE616N01034,1141.93,2026-02-23T10:30:11.887434
Construction,IRB Infrastructure Developers Ltd.,IRB,78.15,40.25,41.84,42.01,-0.22,-1.57,NSE_EQ|INE821I01022,41.22,2026-02-23T10:30:12.451280
Construction,IRCON International Ltd.,IRCON,351.6,149.75,152.18,154.54,-0.1,-0.83,NSE_EQ|INE962Y01021,150.69,2026-02-23T10:30:13.009765
Consumer Services,ITC Hotels Ltd.,ITCHOTELS,261.62,183.52,181.25,182.89,-0.18,2.58,NSE_EQ|INE379A01028,180.5,2026-02-23T10:30:13.585682
Fast Moving Consumer Goods,ITC Ltd.,ITC,528.5,325.85,323.88,325.04,0.6,-0.35,NSE_EQ|INE154A01025,325.64,2026-02-23T10:30:14.088106
Telecommunication,ITI Ltd.,ITI,592.7,280.25,284.91,287.96,-0.85,-0.23,NSE_EQ|INE248A01017,282.46,2026-02-23T10:30:14.626584
Healthcare,Indegene Ltd.,INDGN,736.3,485.45,485.9,486.67,-1.0,0.25,NSE_EQ|INE065X01017,486.86,2026-02-23T10:30:15.166093
Construction Materials,India Cements Ltd.,INDIACEM,485.8,424.05,433.95,441.07,0.87,0.2,NSE_EQ|INE383A01012,427.07,2026-02-23T10:30:15.739550
Consumer Services,Indiamart Intermesh Ltd.,INDIAMART,4975.0,2199.3,2201.26,2208.75,1.52,0.61,NSE_EQ|INE933S01016,2192.38,2026-02-23T10:30:16.318604
Financial Services,Indian Bank,INDIANB,952.5,983.9,924.96,903.51,2.09,3.24,NSE_EQ|INE562A01011,945.57,2026-02-23T10:30:16.902194
Financial Services,Indian Energy Exchange Ltd.,IEX,318.65,125.6,125.48,126.8,1.25,-0.12,NSE_EQ|INE022Q01020,125.34,2026-02-23T10:30:17.414093
Consumer Services,Indian Hotels Co. Ltd.,INDHOTEL,894.9,675.7,684.55,685.9,0.59,-0.79,NSE_EQ|INE053A01029,680.62,2026-02-23T10:30:17.955102
Oil Gas & Consumable Fuels,Indian Oil Corporation Ltd.,IOC,196.8,175.92,175.17,172.66,0.11,0.59,NSE_EQ|INE242A01010,175.55,2026-02-23T10:30:18.483905
Financial Services,Indian Overseas Bank,IOB,83.75,36.69,35.87,35.6,1.29,0.14,NSE_EQ|INE565A01014,36.21,2026-02-23T10:30:19.054780
Consumer Services,Indian Railway Catering And Tourism Corporation Ltd.,IRCTC,1279.25,638.6,628.76,627.91,2.98,-1.86,NSE_EQ|INE335Y01020,633.3,2026-02-23T10:30:19.613878
Financial Services,Indian Railway Finance Corporation Ltd.,IRFC,229.0,111.68,112.89,114.36,0.62,-0.29,NSE_EQ|INE053F01010,112.15,2026-02-23T10:30:20.166439
Financial Services,Indian Renewable Energy Development Agency Ltd.,IREDA,310.0,125.97,126.89,128.43,1.32,-0.69,NSE_EQ|INE202E01016,126.4,2026-02-23T10:30:20.697643
Oil Gas & Consumable Fuels,Indraprastha Gas Ltd.,IGL,301.0,169.14,170.5,173.08,0.3,0.56,NSE_EQ|INE203G01027,169.23,2026-02-23T10:30:21.276245
Telecommunication,Indus Towers Ltd.,INDUSTOWER,482.8,472.05,468.16,458.11,0.9,-0.99,NSE_EQ|INE121J01017,472.61,2026-02-23T10:30:21.798545
Financial Services,IndusInd Bank Ltd.,INDUSINDBK,2038.0,920.85,926.97,921.06,-0.85,-0.56,NSE_EQ|INE095A01012,927.53,2026-02-23T10:30:22.313862
Consumer Services,Info Edge (India) Ltd.,NAUKRI,1826.0,1073.4,1121.77,1166.38,-1.79,0.25,NSE_EQ|INE663F01032,1095.01,2026-02-23T10:30:22.819442
Information Technology,Infosys Ltd.,INFY,2006.45,1331.7,1398.1,1461.68,-0.44,-1.5,NSE_EQ|INE009A01021,1360.75,2026-02-23T10:30:23.326504
Capital Goods,Inox Wind Ltd.,INOXWIND,261.9,95.3,100.75,104.32,0.22,-2.26,NSE_EQ|INE066P01011,97.88,2026-02-23T10:30:23.925639
Information Technology,Intellect Design Arena Ltd.,INTELLECT,1255.0,707.25,720.05,763.97,0.74,-0.42,NSE_EQ|INE306R01017,704.98,2026-02-23T10:30:24.495883
Services,InterGlobe Aviation Ltd.,INDIGO,6232.5,4838.7,4894.32,4894.61,1.45,-0.23,NSE_EQ|INE646L01027,4876.28,2026-02-23T10:30:25.057258
Services,International Gemmological Institute (India) Ltd.,IGIL,642.3,339.7,330.55,326.13,0.05,2.38,NSE_EQ|INE0Q9301021,333.72,2026-02-23T10:30:25.613888
Information Technology,Inventurus Knowledge Solutions Ltd.,IKS,2189.0,1555.7,1628.24,1641.09,-3.82,-2.43,NSE_EQ|INE115Q01022,1606.84,2026-02-23T10:30:26.424930
Healthcare,Ipca Laboratories Ltd.,IPCALAB,1755.9,1481.9,1468.39,1463.87,-0.7,1.15,NSE_EQ|INE571A01038,1472.19,2026-02-23T10:30:26.978255
Healthcare,J.B. Chemicals & Pharmaceuticals Ltd.,JBCHEPHARM,2030.0,2028.3,1967.12,1933.72,0.77,0.42,NSE_EQ|INE572A01036,1995.95,2026-02-23T10:30:27.588809
Construction Materials,J.K. Cement Ltd.,JKCEMENT,7565.5,5762.5,5770.43,5742.49,-0.02,-0.03,NSE_EQ|INE823G01014,5777.82,2026-02-23T10:30:28.154261
Automobile and Auto Components,JBM Auto Ltd.,JBMA,1214.2,567.5,578.38,580.89,0.61,-0.6,NSE_EQ|INE927D01051,574.06,2026-02-23T10:30:28.692852
Automobile and Auto Components,JK Tyre & Industries Ltd.,JKTYRE,611.9,541.75,557.18,549.47,-3.84,0.32,NSE_EQ|INE573A01042,552.92,2026-02-23T10:30:29.221761
Financial Services,JM Financial Ltd.,JMFINANCIL,199.8,135.13,136.07,134.99,-2.37,-0.37,NSE_EQ|INE780C01023,136.58,2026-02-23T10:30:29.737781
Construction Materials,JSW Cement Ltd.,JSWCEMENT,162.15,122.13,121.3,120.24,-0.97,0.03,NSE_EQ|INE718I01012,122.04,2026-02-23T10:30:30.299803
Power,JSW Energy Ltd.,JSWENERGY,804.9,491.8,484.47,480.68,3.2,-0.65,NSE_EQ|INE121E01018,488.34,2026-02-23T10:30:30.842684
Services,JSW Infrastructure Ltd.,JSWINFRA,360.95,256.35,258.15,260.58,-0.16,0.61,NSE_EQ|INE880J01026,256.32,2026-02-23T10:30:31.415543
Metals & Mining,JSW Steel Ltd.,JSWSTEEL,1264.0,1245.8,1239.18,1228.72,0.43,0.47,NSE_EQ|INE019A01038,1241.02,2026-02-23T10:30:31.915214
Power,Jaiprakash Power Ventures Ltd.,JPPOWER,27.7,14.67,14.92,15.18,-0.61,-0.2,NSE_EQ|INE351F01018,14.78,2026-02-23T10:30:32.452895
Financial Services,Jammu & Kashmir Bank Ltd.,J&KBANK,152.5,106.14,104.24,103.91,0.8,2.06,NSE_EQ|INE168A01041,104.56,2026-02-23T10:30:32.999649
Capital Goods,Jindal Saw Ltd.,JINDALSAW,383.85,180.0,184.31,183.49,1.84,-1.52,NSE_EQ|INE324A01032,182.46,2026-02-23T10:30:33.577124
Metals & Mining,Jindal Stainless Ltd.,JSL,884.0,768.6,766.48,775.38,2.46,0.86,NSE_EQ|INE220G01021,761.6,2026-02-23T10:30:34.159782
Metals & Mining,Jindal Steel Ltd.,JINDALSTEL,1232.8,1215.2,1202.46,1174.78,0.6,-0.46,NSE_EQ|INE749A01030,1212.84,2026-02-23T10:30:34.696995
Financial Services,Jio Financial Services Ltd.,JIOFIN,394.7,257.15,261.62,264.26,0.19,-1.1,NSE_EQ|INE758E01017,259.79,2026-02-23T10:30:35.218246
Consumer Services,Jubilant Foodworks Ltd.,JUBLFOOD,918.0,530.4,530.63,528.89,1.8,-0.38,NSE_EQ|INE797F01020,530.37,2026-02-23T10:30:35.731439
Chemicals,Jubilant Ingrevia Ltd.,JUBLINGREA,885.0,606.4,625.0,637.0,-1.64,0.23,NSE_EQ|INE0BY001018,614.89,2026-02-23T10:30:36.315892
Healthcare,Jubilant Pharmova Ltd.,JUBLPHARMA,1309.9,877.0,899.84,927.37,0.42,-0.57,NSE_EQ|INE700A01033,883.08,2026-02-23T10:30:36.872646
Capital Goods,Jupiter Wagons Ltd.,JWL,748.1,286.95,294.08,299.56,-0.22,-1.39,NSE_EQ|INE209L01016,290.07,2026-02-23T10:30:37.449874
Fast Moving Consumer Goods,Jyothy Labs Ltd.,JYOTHYLAB,595.85,247.98,245.22,247.5,2.56,0.6,NSE_EQ|INE668F01031,245.2,2026-02-23T10:30:38.063972
Capital Goods,Jyoti CNC Automation Ltd.,JYOTICNC,1504.3,855.95,842.9,846.34,-0.33,1.9,NSE_EQ|INE980O01024,846.24,2026-02-23T10:30:38.671785
Textiles,K.P.R. Mill Ltd.,KPRMILL,1389.0,928.0,922.99,919.97,4.89,-2.32,NSE_EQ|INE930H01031,923.02,2026-02-23T10:30:39.226695
Capital Goods,KEI Industries Ltd.,KEI,5039.7,4800.2,4605.19,4490.15,4.18,-0.12,NSE_EQ|INE878B01027,4686.19,2026-02-23T10:30:39.724076
Information Technology,KPIT Technologies Ltd.,KPITTECH,1928.7,824.5,879.32,936.95,-1.08,-1.3,NSE_EQ|INE04I401011,848.09,2026-02-23T10:30:40.263030
Capital Goods,KSB Ltd.,KSB,1060.0,724.6,718.56,717.77,0.88,0.51,NSE_EQ|INE999A01023,720.21,2026-02-23T10:30:40.895058
Consumer Durables,Kajaria Ceramics Ltd.,KAJARIACER,1578.7,1001.9,974.17,962.73,0.13,0.19,NSE_EQ|INE217B01036,989.34,2026-02-23T10:30:41.439340
Construction,Kalpataru Projects International Ltd.,KPIL,1449.0,1145.0,1122.95,1123.18,3.58,0.45,NSE_EQ|INE220B01022,1128.35,2026-02-23T10:30:42.023950
Consumer Durables,Kalyan Jewellers India Ltd.,KALYANKJIL,795.4,400.4,409.71,412.6,-1.18,-1.14,NSE_EQ|INE303R01014,407.26,2026-02-23T10:30:42.597506
Financial Services,Karur Vysya Bank Ltd.,KARURVYSYA,329.0,322.05,319.44,310.91,0.97,-0.59,NSE_EQ|INE036D01028,321.77,2026-02-23T10:30:43.134719
Capital Goods,Kaynes Technology India Ltd.,KAYNES,7822.0,3829.3,3893.53,3848.48,-0.18,-1.76,NSE_EQ|INE918Z01012,3894.45,2026-02-23T10:30:43.693547
Construction,Kec International Ltd.,KEC,1313.25,585.4,600.58,617.4,-0.21,-0.78,NSE_EQ|INE389H01022,591.56,2026-02-23T10:30:44.215394
Financial Services,Kfin Technologies Ltd.,KFINTECH,1641.35,1024.0,1012.54,1014.38,-0.9,0.7,NSE_EQ|INE138Y01010,1016.44,2026-02-23T10:30:44.726562
Capital Goods,Kirloskar Brothers Ltd.,KIRLOSBROS,2684.0,1601.5,1607.97,1597.27,0.52,-0.15,NSE_EQ|INE732A01036,1609.55,2026-02-23T10:30:45.309485
Capital Goods,Kirloskar Oil Eng Ltd.,KIRLOSENG,1475.5,1408.5,1371.12,1310.51,0.03,-0.81,NSE_EQ|INE146L01010,1406.73,2026-02-23T10:30:45.887275
Financial Services,Kotak Mahindra Bank Ltd.,KOTAKBANK,460.4,427.2,423.01,422.19,1.53,0.99,NSE_EQ|INE237A01036,423.67,2026-02-23T10:30:46.389130
Healthcare,Krishna Institute of Medical Sciences Ltd.,KIMS,798.4,713.0,686.44,665.06,-1.0,2.92,NSE_EQ|INE967H01025,700.29,2026-02-23T10:30:47.052142
Fast Moving Consumer Goods,Kwality Wall's (India) Ltd.,KWIL,31.29,26.9,0.0,0.0,-1.91,-0.88,NSE_EQ|INE2KCE01013,28.04,2026-02-23T10:30:47.626178
Financial Services,L&T Finance Ltd.,LTF,329.45,300.2,295.08,293.45,1.1,0.4,NSE_EQ|INE498L01015,297.43,2026-02-23T10:30:48.132206
Information Technology,L&T Technology Services Ltd.,LTTS,6000.0,3374.2,3536.73,3673.1,-1.21,-1.57,NSE_EQ|INE010V01017,3446.33,2026-02-23T10:30:48.693028
Financial Services,LIC Housing Finance Ltd.,LICHSGFIN,826.75,526.5,520.4,519.84,1.07,-0.26,NSE_EQ|INE115A01026,522.57,2026-02-23T10:30:49.190215
Fast Moving Consumer Goods,LT Foods Ltd.,LTFOODS,518.55,427.0,417.81,407.48,-0.02,1.91,NSE_EQ|INE818H01020,421.15,2026-02-23T10:30:49.719714
Information Technology,LTIMindtree Ltd.,LTIM,7588.8,4785.0,5128.87,5383.48,-1.12,-1.33,NSE_EQ|INE214T01019,4951.33,2026-02-23T10:30:50.228465
Construction,Larsen & Toubro Ltd.,LT,4390.0,4397.0,4261.01,4166.05,2.66,0.03,NSE_EQ|INE018A01030,4331.31,2026-02-23T10:30:50.748591
Information Technology,Latent View Analytics Ltd.,LATENTVIEW,754.9,357.15,386.49,400.78,-4.65,-2.2,NSE_EQ|INE0I7C01011,374.23,2026-02-23T10:30:51.343644
Healthcare,Laurus Labs Ltd.,LAURUSLABS,1141.0,1021.75,1012.79,1009.21,-0.22,-0.26,NSE_EQ|INE947Q01028,1019.79,2026-02-23T10:30:51.860091
Consumer Services,Leela Palaces Hotels & Resorts Ltd.,THELEELA,474.4,435.85,438.29,435.97,0.14,0.43,NSE_EQ|INE0AQ201015,437.47,2026-02-23T10:30:52.394515
Consumer Services,Lemon Tree Hotels Ltd.,LEMONTREE,180.68,117.83,123.39,127.49,-3.48,-0.14,NSE_EQ|INE970X01018,120.38,2026-02-23T10:30:52.971673
Financial Services,Life Insurance Corporation of India,LICI,1222.0,880.4,870.9,861.63,1.05,0.5,NSE_EQ|INE0J1Y01017,874.65,2026-02-23T10:30:53.511329
Chemicals,Linde India Ltd.,LINDEINDIA,9935.05,6758.5,6656.56,6463.43,-0.07,-1.19,NSE_EQ|INE473A01011,6760.35,2026-02-23T10:30:54.047585
Metals & Mining,Lloyds Metals And Energy Ltd.,LLOYDSME,1612.0,1148.2,1175.69,1188.77,1.87,-0.85,NSE_EQ|INE281B01032,1159.89,2026-02-23T10:30:54.539287
Realty,Lodha Developers Ltd.,LODHA,1649.95,1070.75,1074.19,1060.35,1.02,-0.53,NSE_EQ|INE670K01029,1077.43,2026-02-23T10:30:55.027773
Healthcare,Lupin Ltd.,LUPIN,2402.9,2244.4,2220.03,2201.9,0.06,1.1,NSE_EQ|INE326A01037,2230.18,2026-02-23T10:30:55.562363
Services,MMTC Ltd.,MMTC,131.8,61.6,63.28,63.94,-1.3,-1.55,NSE_EQ|INE123F01029,62.54,2026-02-23T10:30:56.095372
Automobile and Auto Components,MRF Ltd.,MRF,163600.0,145705.0,146220.23,145047.91,1.56,-0.64,NSE_EQ|INE883A01011,146516.25,2026-02-23T10:30:56.607172
Oil Gas & Consumable Fuels,Mahanagar Gas Ltd.,MGL,1988.0,1152.2,1128.57,1118.0,1.3,1.65,NSE_EQ|INE002S01010,1134.8,2026-02-23T10:30:57.120964
Financial Services,Maharashtra Scooters Ltd.,MAHSCOOTER,18538.0,13400.0,13594.86,13596.62,-2.18,-0.74,NSE_EQ|INE288A01013,13551.86,2026-02-23T10:30:57.686678
Capital Goods,Maharashtra Seamless Ltd.,MAHSEAMLES,1097.0,531.4,532.45,531.85,1.32,-0.09,NSE_EQ|INE271B01025,531.93,2026-02-23T10:30:58.221171
Financial Services,Mahindra & Mahindra Financial Services Ltd.,M&MFIN,412.2,380.0,377.7,375.17,-0.49,1.2,NSE_EQ|INE774D01024,378.49,2026-02-23T10:30:58.742353
Automobile and Auto Components,Mahindra & Mahindra Ltd.,M&M,3839.9,3451.1,3495.77,3524.83,-0.88,0.76,NSE_EQ|INE101A01026,3464.67,2026-02-23T10:30:59.239933
Financial Services,Manappuram Finance Ltd.,MANAPPURAM,321.6,307.85,305.17,302.62,0.56,-0.31,NSE_EQ|INE522D01027,306.83,2026-02-23T10:30:59.724124
Oil Gas & Consumable Fuels,Mangalore Refinery & Petrochemicals Ltd.,MRPL,289.25,192.5,189.56,183.1,-1.29,0.65,NSE_EQ|INE103A01014,191.59,2026-02-23T10:31:00.323834
Healthcare,Mankind Pharma Ltd.,MANKIND,3054.8,2030.2,2057.36,2079.91,-1.11,-0.24,NSE_EQ|INE634S01028,2043.13,2026-02-23T10:31:00.847133
Fast Moving Consumer Goods,Marico Ltd.,MARICO,800.0,794.65,777.25,766.5,1.13,-0.04,NSE_EQ|INE196A01026,786.03,2026-02-23T10:31:01.422488
Automobile and Auto Components,Maruti Suzuki India Ltd.,MARUTI,17370.0,15070.0,15076.55,15178.16,0.5,0.13,NSE_EQ|INE585B01010,15052.92,2026-02-23T10:31:01.941511
Financial Services,Max Financial Services Ltd.,MFSL,1865.0,1869.1,1817.33,1770.15,0.83,0.04,NSE_EQ|INE180A01020,1846.33,2026-02-23T10:31:02.429675
Healthcare,Max Healthcare Institute Ltd.,MAXHEALTH,1314.3,1100.4,1070.47,1051.23,1.2,0.22,NSE_EQ|INE027H01010,1085.91,2026-02-23T10:31:02.963808
Capital Goods,Mazagoan Dock Shipbuilders Ltd.,MAZDOCK,3775.0,2329.0,2372.65,2396.63,0.78,-1.73,NSE_EQ|INE249Z01020,2354.19,2026-02-23T10:31:03.474954
Healthcare,Metropolis Healthcare Ltd.,METROPOLIS,3579.9,1879.1,1915.28,1920.81,-2.36,0.14,NSE_EQ|INE112L01020,1896.77,2026-02-23T10:31:04.005111
Automobile and Auto Components,Minda Corporation Ltd.,MINDACORP,652.0,579.0,583.35,580.68,1.82,-1.03,NSE_EQ|INE842C01021,582.17,2026-02-23T10:31:04.594693
Automobile and Auto Components,Motherson Sumi Wiring India Ltd.,MSUMI,53.59,44.0,43.24,43.58,0.54,1.41,NSE_EQ|INE0FS801015,43.29,2026-02-23T10:31:05.193718
Financial Services,Motilal Oswal Financial Services Ltd.,MOTILALOFS,1097.1,766.3,778.1,784.42,0.56,-0.61,NSE_EQ|INE338I01027,772.87,2026-02-23T10:31:05.818072
Information Technology,MphasiS Ltd.,MPHASIS,3659.75,2334.9,2454.87,2551.43,0.58,-0.67,NSE_EQ|INE356A01018,2391.34,2026-02-23T10:31:06.304035
Financial Services,Multi Commodity Exchange of India Ltd.,MCX,2705.0,2407.7,2379.22,2377.28,1.0,-0.8,NSE_EQ|INE745G01043,2379.53,2026-02-23T10:31:06.752669
Financial Services,Muthoot Finance Ltd.,MUTHOOTFIN,4149.5,3501.9,3566.41,3650.19,1.76,-0.29,NSE_EQ|INE414G01012,3500.04,2026-02-23T10:31:07.238110
Healthcare,NATCO Pharma Ltd.,NATCOPHARM,1639.0,890.2,873.21,863.27,0.85,-0.54,NSE_EQ|INE987B01026,884.77,2026-02-23T10:31:07.811077
Construction,NBCC (India) Ltd.,NBCC,139.84,94.95,97.51,99.31,-0.09,-0.16,NSE_EQ|INE095N01031,96.21,2026-02-23T10:31:08.355745
Construction,NCC Ltd.,NCC,364.5,150.11,151.13,151.45,0.05,0.07,NSE_EQ|INE868B01028,150.38,2026-02-23T10:31:08.945397
Power,NHPC Ltd.,NHPC,118.4,73.97,75.81,76.79,-0.03,-1.56,NSE_EQ|INE848E01016,74.94,2026-02-23T10:31:09.429594
Power,NLC India Ltd.,NLCINDIA,311.8,265.0,261.54,259.29,1.63,-0.92,NSE_EQ|INE589A01014,263.3,2026-02-23T10:31:09.989619
Metals & Mining,NMDC Ltd.,NMDC,95.44,79.04,80.65,81.25,1.43,-2.42,NSE_EQ|INE584A01023,79.82,2026-02-23T10:31:10.500734
Metals & Mining,NMDC Steel Ltd.,NSLNISP,73.7,38.79,39.96,40.65,0.13,-1.05,NSE_EQ|INE0NNS01018,39.32,2026-02-23T10:31:11.026983
Power,NTPC Green Energy Ltd.,NTPCGREEN,155.35,90.1,89.61,89.54,0.03,-0.21,NSE_EQ|INE0ONG01011,89.99,2026-02-23T10:31:11.566110
Power,NTPC Ltd.,NTPC,448.45,373.65,367.7,362.47,2.8,-0.09,NSE_EQ|INE733E01010,370.14,2026-02-23T10:31:12.043158
Healthcare,Narayana Hrudayalaya Ltd.,NH,2370.2,1867.7,1830.47,1820.89,-0.58,0.96,NSE_EQ|INE410P01011,1843.67,2026-02-23T10:31:12.586879
Metals & Mining,National Aluminium Co. Ltd.,NATIONALUM,431.5,341.25,349.02,353.87,0.95,-1.09,NSE_EQ|INE139A01034,343.43,2026-02-23T10:31:13.192516
Power,Nava Ltd.,NAVA,735.0,568.8,562.63,561.74,2.77,-0.03,NSE_EQ|INE725A01030,563.65,2026-02-23T10:31:13.711812
Chemicals,Navin Fluorine International Ltd.,NAVINFLUOR,6965.0,6554.5,6402.73,6305.55,2.29,-0.08,NSE_EQ|INE048G01026,6459.66,2026-02-23T10:31:14.295440
Fast Moving Consumer Goods,Nestle India Ltd.,NESTLEIND,1389.0,1311.5,1296.73,1297.18,1.2,0.96,NSE_EQ|INE239A01024,1297.7,2026-02-23T10:31:14.820715
Information Technology,Netweb Technologies India Ltd.,NETWEB,4479.0,3583.1,3362.61,3283.34,3.1,-2.02,NSE_EQ|INE0NT901020,3473.57,2026-02-23T10:31:15.325655
Healthcare,Neuland Laboratories Ltd.,NEULANDLAB,19747.0,13028.0,13162.28,13339.01,-3.02,1.78,NSE_EQ|INE794A01010,13063.14,2026-02-23T10:31:15.852855
Information Technology,Newgen Software Technologies Ltd.,NEWGEN,1798.9,540.35,545.85,569.41,-8.7,-3.23,NSE_EQ|INE619B01017,549.03,2026-02-23T10:31:16.374740
Financial Services,Nippon Life India Asset Management Ltd.,NAM-INDIA,1009.0,964.0,943.68,924.79,1.69,0.73,NSE_EQ|INE298J01013,954.39,2026-02-23T10:31:16.904886
Financial Services,Niva Bupa Health Insurance Company Ltd.,NIVABUPA,109.34,76.51,76.79,77.06,1.6,-0.53,NSE_EQ|INE995S01015,76.57,2026-02-23T10:31:17.460306
Financial Services,Nuvama Wealth Management Ltd.,NUVAMA,1701.5,1270.8,1304.21,1326.63,-0.66,-2.14,NSE_EQ|INE531F01023,1289.98,2026-02-23T10:31:17.979154
Construction Materials,Nuvoco Vistas Corporation Ltd.,NUVOCO,577.9,335.15,340.09,343.16,-2.09,0.89,NSE_EQ|INE118D01016,337.31,2026-02-23T10:31:18.536024
Realty,Oberoi Realty Ltd.,OBEROIRLTY,2343.65,1510.3,1532.78,1542.72,1.61,-1.29,NSE_EQ|INE093I01010,1524.21,2026-02-23T10:31:19.098553
Oil Gas & Consumable Fuels,Oil & Natural Gas Corporation Ltd.,ONGC,345.0,272.9,271.45,266.68,0.45,-2.5,NSE_EQ|INE213A01029,273.29,2026-02-23T10:31:19.689506
Oil Gas & Consumable Fuels,Oil India Ltd.,OIL,767.9,471.1,472.16,470.92,-1.0,-0.81,NSE_EQ|INE274J01014,470.71,2026-02-23T10:31:20.256994
Automobile and Auto Components,Ola Electric Mobility Ltd.,OLAELEC,157.4,25.91,28.47,30.2,-2.93,-2.23,NSE_EQ|INE0LXG01040,27.24,2026-02-23T10:31:20.820423
Automobile and Auto Components,Olectra Greentech Ltd.,OLECTRA,2221.95,999.2,1023.67,1042.49,0.55,-1.56,NSE_EQ|INE260D01016,1013.55,2026-02-23T10:31:21.353220
Financial Services,One 97 Communications Ltd.,PAYTM,1955.0,1160.0,1161.64,1177.54,0.67,0.19,NSE_EQ|INE982J01020,1158.58,2026-02-23T10:31:22.021373
Healthcare,Onesource Specialty Pharma Ltd.,ONESOURCE,2248.0,1274.9,1261.72,1288.66,-3.44,0.54,NSE_EQ|INE013P01021,1277.37,2026-02-23T10:31:22.577710
Information Technology,Oracle Financial Services Software Ltd.,OFSS,13220.0,6588.0,6831.72,7092.35,-0.11,-0.86,NSE_EQ|INE881D01027,6678.05,2026-02-23T10:31:23.079135
Financial Services,PB Fintech Ltd.,POLICYBZR,2246.9,1544.2,1518.98,1548.78,3.29,2.02,NSE_EQ|INE417T01026,1515.52,2026-02-23T10:31:23.546147
Chemicals,PCBL Chemical Ltd.,PCBL,584.4,319.1,306.58,298.97,-0.34,3.91,NSE_EQ|INE602A01031,311.44,2026-02-23T10:31:24.055633
Consumer Durables,PG Electroplast Ltd.,PGEL,1054.2,615.85,610.78,598.98,1.86,0.27,NSE_EQ|INE457L01029,615.6,2026-02-23T10:31:24.547973
Chemicals,PI Industries Ltd.,PIIND,4804.05,3054.1,3086.78,3123.97,0.76,-0.11,NSE_EQ|INE603J01030,3057.54,2026-02-23T10:31:25.023701
Financial Services,PNB Housing Finance Ltd.,PNBHOUSING,1422.65,851.45,851.66,858.77,0.56,0.17,NSE_EQ|INE572E01012,851.49,2026-02-23T10:31:25.513381
Capital Goods,PTC Industries Ltd.,PTCIL,19387.0,17785.0,17997.63,18013.87,0.38,-0.25,NSE_EQ|INE596F01018,17907.26,2026-02-23T10:31:25.998128
Media Entertainment & Publication,PVR INOX Ltd.,PVRINOX,2214.85,1025.0,1035.58,1027.01,0.9,-1.24,NSE_EQ|INE191H01014,1034.51,2026-02-23T10:31:26.573617
Textiles,Page Industries Ltd.,PAGEIND,54349.1,33040.0,33382.49,33681.37,0.14,0.73,NSE_EQ|INE761H01022,33096.71,2026-02-23T10:31:27.093333
Fast Moving Consumer Goods,Patanjali Foods Ltd.,PATANJALI,670.3,531.75,528.54,525.61,0.84,-0.61,NSE_EQ|INE619A01035,531.89,2026-02-23T10:31:27.617658
Information Technology,Persistent Systems Ltd.,PERSISTENT,6788.9,5037.5,5432.32,5667.47,-2.73,-1.03,NSE_EQ|INE262H01021,5247.05,2026-02-23T10:31:28.114915
Oil Gas & Consumable Fuels,Petronet LNG Ltd.,PETRONET,384.2,305.85,300.78,296.89,1.37,-0.7,NSE_EQ|INE347G01014,303.33,2026-02-23T10:31:28.626642
Healthcare,Pfizer Ltd.,PFIZER,6451.15,4958.6,4970.46,4908.94,-0.63,0.55,NSE_EQ|INE182A01018,4988.9,2026-02-23T10:31:29.178585
Realty,Phoenix Mills Ltd.,PHOENIXLTD,2068.5,1739.7,1747.6,1751.01,-0.39,-0.18,NSE_EQ|INE211B01039,1746.07,2026-02-23T10:31:29.813160
Chemicals,Pidilite Industries Ltd.,PIDILITIND,1707.5,1474.5,1475.68,1472.14,-0.01,0.66,NSE_EQ|INE318A01026,1475.01,2026-02-23T10:31:30.303575
Healthcare,Piramal Pharma Ltd.,PPLPHARMA,307.9,161.89,162.65,162.47,-1.52,0.12,NSE_EQ|INE0DK501011,162.61,2026-02-23T10:31:30.812194
Healthcare,Poly Medicure Ltd.,POLYMED,3357.8,1266.8,1323.3,1400.03,-1.76,-0.68,NSE_EQ|INE205C01021,1283.88,2026-02-23T10:31:31.348437
Capital Goods,Polycab India Ltd.,POLYCAB,7948.0,7903.0,7747.06,7619.69,1.14,-0.45,NSE_EQ|INE455K01017,7827.22,2026-02-23T10:31:31.831672
Financial Services,Poonawalla Fincorp Ltd.,POONAWALLA,570.4,474.9,468.53,458.91,-0.77,0.38,NSE_EQ|INE511C01022,474.23,2026-02-23T10:31:32.399535
Financial Services,Power Finance Corporation Ltd.,PFC,580.0,412.45,410.55,403.08,1.26,-0.01,NSE_EQ|INE134E01011,412.18,2026-02-23T10:31:32.931567
Power,Power Grid Corporation of India Ltd.,POWERGRID,366.25,301.05,295.28,287.77,1.15,-0.31,NSE_EQ|INE752E01010,298.59,2026-02-23T10:31:33.437079
Capital Goods,Praj Industries Ltd.,PRAJIND,875.0,311.3,314.23,310.25,-1.64,-0.46,NSE_EQ|INE074A01025,315.31,2026-02-23T10:31:34.004264
Capital Goods,Premier Energies Ltd.,PREMIERENE,1388.0,762.5,765.48,766.09,2.23,-0.86,NSE_EQ|INE0BS701011,763.63,2026-02-23T10:31:34.489862
Realty,Prestige Estates Projects Ltd.,PRESTIGE,2074.8,1493.1,1516.13,1520.79,0.58,0.14,NSE_EQ|INE811K01011,1504.28,2026-02-23T10:31:35.021244
Fast Moving Consumer Goods,Procter & Gamble Hygiene & Health Care Ltd.,PGHH,19250.0,11475.0,11624.03,11779.78,-0.3,-0.97,NSE_EQ|INE179A01014,11538.15,2026-02-23T10:31:35.576603
Financial Services,Punjab National Bank,PNB,231.45,132.01,126.25,124.97,3.18,1.23,NSE_EQ|INE160A01022,128.29,2026-02-23T10:31:36.082052
Capital Goods,R R Kabel Ltd.,RRKABEL,1901.95,1458.0,1431.63,1428.39,1.89,0.62,NSE_EQ|INE777K01022,1438.4,2026-02-23T10:31:36.637625
Financial Services,RBL Bank Ltd.,RBLBANK,716.4,325.1,320.54,314.59,-0.57,-1.48,NSE_EQ|INE976G01028,325.26,2026-02-23T10:31:37.150708
Financial Services,REC Ltd.,RECLTD,654.0,353.6,356.91,359.74,0.4,-0.88,NSE_EQ|INE020B01018,355.16,2026-02-23T10:31:37.634857
Capital Goods,RHI MAGNESITA INDIA LTD.,RHIM,892.9,454.45,458.78,453.51,-1.77,-1.83,NSE_EQ|INE743M01012,460.79,2026-02-23T10:31:38.163644
Construction,RITES Ltd.,RITES,413.0,218.65,220.8,222.72,-0.17,-0.16,NSE_EQ|INE320J01015,219.56,2026-02-23T10:31:38.715675
Fast Moving Consumer Goods,Radico Khaitan Ltd,RADICO,3591.9,2731.3,2763.58,2798.44,-0.7,0.3,NSE_EQ|INE944F01028,2744.91,2026-02-23T10:31:39.268802
Construction,Rail Vikas Nigam Ltd.,RVNL,647.0,313.2,312.73,317.38,2.16,0.06,NSE_EQ|INE415G01027,311.3,2026-02-23T10:31:39.784936
Telecommunication,Railtel Corporation Of India Ltd.,RAILTEL,617.8,327.55,330.7,333.94,-1.92,-1.93,NSE_EQ|INE0DD101019,328.55,2026-02-23T10:31:40.470507
Healthcare,Rainbow Childrens Medicare Ltd.,RAINBOW,1709.6,1202.5,1195.67,1195.65,-0.37,0.46,NSE_EQ|INE961O01016,1201.03,2026-02-23T10:31:41.015853
Automobile and Auto Components,Ramkrishna Forgings Ltd.,RKFORGE,1064.05,559.7,559.4,551.07,-1.81,1.03,NSE_EQ|INE399G01023,559.66,2026-02-23T10:31:41.610771
Chemicals,Rashtriya Chemicals & Fertilizers Ltd.,RCF,245.0,129.31,132.54,133.78,-0.47,-1.03,NSE_EQ|INE027A01015,131.34,2026-02-23T10:31:42.122396
Services,Redington Ltd.,REDINGTON,334.8,248.25,257.96,262.01,-1.3,-1.95,NSE_EQ|INE891D01026,253.75,2026-02-23T10:31:42.903525
Oil Gas & Consumable Fuels,Reliance Industries Ltd.,RELIANCE,1611.8,1425.3,1428.85,1433.75,0.7,0.02,NSE_EQ|INE002A01018,1425.07,2026-02-23T10:31:43.419936
Power,Reliance Infrastructure Ltd.,RELINFRA,635.7,99.69,108.42,118.15,-3.3,-3.96,NSE_EQ|INE036A01016,104.13,2026-02-23T10:31:43.939399
Power,Reliance Power Ltd.,RPOWER,76.49,25.93,27.0,27.93,-0.94,-1.41,NSE_EQ|INE614G01033,26.54,2026-02-23T10:31:44.431551
Financial Services,SBFC Finance Ltd.,SBFC,123.0,96.95,96.02,95.93,1.89,1.16,NSE_EQ|INE423Y01016,96.4,2026-02-23T10:31:44.945481
Financial Services,SBI Cards and Payment Services Ltd.,SBICARD,1165.0,787.3,779.93,781.2,-1.77,-0.59,NSE_EQ|INE018E01016,785.36,2026-02-23T10:31:45.477437
Financial Services,SBI Life Insurance Company Ltd.,SBILIFE,2109.6,2121.5,2057.8,2044.73,1.82,1.52,NSE_EQ|INE123W01016,2077.18,2026-02-23T10:31:45.960850
Power,SJVN Ltd.,SJVN,170.5,74.64,75.54,75.21,1.07,-1.01,NSE_EQ|INE002L01015,75.52,2026-02-23T10:31:46.527798
Chemicals,SRF Ltd.,SRF,3325.0,2682.0,2764.42,2813.28,1.06,-1.36,NSE_EQ|INE647A01010,2716.69,2026-02-23T10:31:47.062714
Information Technology,Sagility Ltd.,SAGILITY,57.89,45.04,46.37,47.65,-1.36,-0.24,NSE_EQ|INE0W2G01015,45.5,2026-02-23T10:31:47.582786
Healthcare,Sai Life Sciences Ltd.,SAILIFE,983.35,962.0,927.5,906.66,0.26,0.73,NSE_EQ|INE570L01029,943.45,2026-02-23T10:31:48.122911
Financial Services,Sammaan Capital Ltd.,SAMMAANCAP,1283.6,152.7,149.66,148.0,1.48,-0.91,NSE_EQ|INE148I01020,151.26,2026-02-23T10:31:48.633914
Automobile and Auto Components,Samvardhana Motherson International Ltd.,MOTHERSON,144.67,129.11,129.1,125.73,-0.52,-0.68,NSE_EQ|INE775A01035,130.14,2026-02-23T10:31:49.146859
Consumer Services,Sapphire Foods India Ltd.,SAPPHIRE,401.0,217.0,216.46,214.36,-2.18,-0.47,NSE_EQ|INE806T01020,217.7,2026-02-23T10:31:49.677813
Metals & Mining,Sarda Energy and Minerals Ltd.,SARDAEN,639.75,512.1,508.99,505.15,0.99,0.02,NSE_EQ|INE385C01021,510.79,2026-02-23T10:31:50.170399
Media Entertainment & Publication,Saregama India Ltd,SAREGAMA,688.9,342.65,343.48,343.07,0.47,-0.1,NSE_EQ|INE979A01025,343.4,2026-02-23T10:31:50.746454
Automobile and Auto Components,Schaeffler India Ltd.,SCHAEFFLER,4951.0,3952.8,3855.82,3822.34,1.33,1.3,NSE_EQ|INE513A01022,3885.49,2026-02-23T10:31:51.310331
Capital Goods,Schneider Electric Infrastructure Ltd.,SCHNEIDER,1052.0,916.25,859.39,805.99,2.97,-2.14,NSE_EQ|INE839M01018,897.2,2026-02-23T10:31:51.842240
Services,Shipping Corporation of India Ltd.,SCI,384.2,264.73,259.75,249.89,-2.2,2.59,NSE_EQ|INE109A01011,262.85,2026-02-23T10:31:52.490267
Construction Materials,Shree Cement Ltd.,SHREECEM,32490.0,26775.0,26578.21,26702.69,0.99,0.96,NSE_EQ|INE070A01015,26550.23,2026-02-23T10:31:53.261641
Financial Services,Shriram Finance Ltd.,SHRIRAMFIN,1088.3,1070.4,1059.77,1042.24,0.24,-0.22,NSE_EQ|INE721A01047,1066.0,2026-02-23T10:31:53.797593
Capital Goods,Shyam Metalics and Energy Ltd.,SHYAMMETL,1001.0,845.85,868.27,863.11,-0.85,-1.42,NSE_EQ|INE810G01011,861.71,2026-02-23T10:31:54.331355
Capital Goods,Siemens Energy India Ltd.,ENRIN,3625.0,2806.1,2744.77,2672.62,1.08,0.04,NSE_EQ|INE1NPP01017,2781.47,2026-02-23T10:31:54.882652
Capital Goods,Siemens Ltd.,SIEMENS,8129.9,3230.9,3173.58,3142.89,3.03,0.65,NSE_EQ|INE003A01024,3191.1,2026-02-23T10:31:55.351755
Realty,Signatureglobal (India) Ltd.,SIGNATURE,1647.0,972.8,1003.89,982.89,-2.8,-4.26,NSE_EQ|INE903U01023,1011.65,2026-02-23T10:31:55.853656
Realty,Sobha Ltd.,SOBHA,2220.0,1512.5,1503.23,1494.29,3.27,-0.22,NSE_EQ|INE671H01015,1506.18,2026-02-23T10:31:56.414489
Chemicals,Solar Industries India Ltd.,SOLARINDS,17820.0,13302.0,13298.84,13248.61,-0.4,-1.1,NSE_EQ|INE343H01029,13305.18,2026-02-23T10:31:56.926670
Automobile and Auto Components,Sona BLW Precision Forgings Ltd.,SONACOMS,839.9,539.65,529.34,519.07,1.16,0.77,NSE_EQ|INE073K01018,533.29,2026-02-23T10:31:57.456554
Information Technology,Sonata Software Ltd.,SONATSOFTW,870.0,285.15,290.44,300.47,-0.38,-0.16,NSE_EQ|INE269A01021,285.96,2026-02-23T10:31:58.038386
Financial Services,Star Health and Allied Insurance Company Ltd.,STARHEALTH,1200.0,459.15,464.7,463.26,-0.59,1.11,NSE_EQ|INE575P01011,462.17,2026-02-23T10:31:58.572893
Financial Services,State Bank of India,SBIN,1225.5,1228.0,1191.84,1149.66,0.82,0.49,NSE_EQ|INE062A01020,1214.07,2026-02-23T10:31:59.129623
Metals & Mining,Steel Authority of India Ltd.,SAIL,175.35,157.93,158.07,156.42,1.83,-0.92,NSE_EQ|INE114A01011,158.11,2026-02-23T10:31:59.617195
Chemicals,Sumitomo Chemical India Ltd.,SUMICHEM,665.0,411.2,412.3,416.53,-0.84,1.24,NSE_EQ|INE258G01013,410.57,2026-02-23T10:32:00.160071
Healthcare,Sun Pharmaceutical Industries Ltd.,SUNPHARMA,1960.35,1720.9,1710.66,1700.16,0.84,-0.69,NSE_EQ|INE044A01036,1718.19,2026-02-23T10:32:00.683680
Media Entertainment & Publication,Sun TV Network Ltd.,SUNTV,1097.8,584.45,581.71,574.67,1.13,-0.09,NSE_EQ|INE424H01027,584.28,2026-02-23T10:32:01.193924
Financial Services,Sundaram Finance Ltd.,SUNDARMFIN,5555.0,5224.0,5251.82,5254.82,0.06,1.04,NSE_EQ|INE660A01013,5220.96,2026-02-23T10:32:01.734955
Automobile and Auto Components,Sundram Fasteners Ltd.,SUNDRMFAST,1505.95,935.05,925.76,928.22,-0.01,2.0,NSE_EQ|INE387A01021,924.39,2026-02-23T10:32:02.279351
Capital Goods,Supreme Industries Ltd.,SUPREMEIND,6460.0,3930.9,3855.92,3765.11,1.37,0.32,NSE_EQ|INE195A01028,3903.52,2026-02-23T10:32:02.806159
Capital Goods,Suzlon Energy Ltd.,SUZLON,86.04,44.55,45.82,46.72,-1.64,-0.02,NSE_EQ|INE040H01021,45.15,2026-02-23T10:32:03.335887
Chemicals,Swan Corp Ltd.,SWANCORP,809.8,403.9,409.79,414.73,0.43,-0.75,NSE_EQ|INE665A01038,406.68,2026-02-23T10:32:03.922422
Consumer Services,Swiggy Ltd.,SWIGGY,617.3,320.6,329.21,331.84,0.09,-1.05,NSE_EQ|INE00H001014,326.6,2026-02-23T10:32:04.731689
Healthcare,Syngene International Ltd.,SYNGENE,960.6,438.75,444.54,468.54,1.07,-1.54,NSE_EQ|INE398R01022,439.18,2026-02-23T10:32:05.305774
Capital Goods,Syrma SGS Technology Ltd.,SYRMA,909.9,854.95,850.29,828.23,-0.19,2.22,NSE_EQ|INE0DYJ01015,851.6,2026-02-23T10:32:05.908493
Consumer Services,TBO Tek Ltd.,TBOTEK,2001.0,1324.8,1408.7,1441.3,-1.47,-3.44,NSE_EQ|INE673O01025,1373.66,2026-02-23T10:32:06.433358
Automobile and Auto Components,TVS Motor Company Ltd.,TVSMOTOR,3909.0,3862.4,3828.59,3789.82,-0.36,0.71,NSE_EQ|INE494B01023,3845.55,2026-02-23T10:32:06.986846
Chemicals,Tata Chemicals Ltd.,TATACHEM,1349.0,704.1,704.87,711.91,1.57,-1.68,NSE_EQ|INE092A01019,704.33,2026-02-23T10:32:07.523692
Telecommunication,Tata Communications Ltd.,TATACOMM,2175.0,1665.7,1653.73,1648.05,1.92,-1.25,NSE_EQ|INE151A01013,1664.68,2026-02-23T10:32:08.079545
Information Technology,Tata Consultancy Services Ltd.,TCS,4592.25,2666.7,2756.98,2869.04,0.72,-0.72,NSE_EQ|INE467B01029,2694.72,2026-02-23T10:32:08.617053
Fast Moving Consumer Goods,Tata Consumer Products Ltd.,TATACONSUM,1269.0,1174.6,1157.19,1155.89,-0.51,1.59,NSE_EQ|INE192A01025,1162.13,2026-02-23T10:32:09.132924
Information Technology,Tata Elxsi Ltd.,TATAELXSI,10760.0,4783.0,4949.25,5092.23,0.6,-1.29,NSE_EQ|INE670A01012,4854.48,2026-02-23T10:32:09.669356
Financial Services,Tata Investment Corporation Ltd.,TATAINVEST,1185.0,689.45,664.97,655.3,2.48,-4.22,NSE_EQ|INE672A01026,679.28,2026-02-23T10:32:10.180093
Automobile and Auto Components,Tata Motors Passenger Vehicles Ltd.,TMPV,1179.0,379.7,377.76,372.62,0.61,0.24,NSE_EQ|INE155A01022,379.15,2026-02-23T10:32:10.728097
Power,Tata Power Co. Ltd.,TATAPOWER,494.85,378.65,375.24,372.36,2.36,-0.09,NSE_EQ|INE245A01021,376.92,2026-02-23T10:32:11.222648
Metals & Mining,Tata Steel Ltd.,TATASTEEL,211.39,208.52,205.35,201.0,0.94,-0.7,NSE_EQ|INE081A01020,207.22,2026-02-23T10:32:11.726189
Information Technology,Tata Technologies Ltd.,TATATECH,1400.0,603.6,610.39,621.21,1.38,-1.05,NSE_EQ|INE142M01025,605.19,2026-02-23T10:32:12.261671
Telecommunication,Tata Teleservices (Maharashtra) Ltd.,TTML,290.15,42.67,43.45,44.05,0.0,-0.77,NSE_EQ|INE517B01013,43.04,2026-02-23T10:32:12.795982
Information Technology,Tech Mahindra Ltd.,TECHM,1854.0,1434.4,1517.88,1567.94,-0.55,-1.72,NSE_EQ|INE669C01036,1475.37,2026-02-23T10:32:13.277366
Construction,Techno Electric & Engineering Company Ltd.,TECHNOE,1822.0,1156.05,1108.2,1076.3,1.18,-0.2,NSE_EQ|INE285K01026,1132.99,2026-02-23T10:32:13.836138
Telecommunication,Tejas Networks Ltd.,TEJASNET,1495.0,324.4,332.22,340.05,-1.28,-1.1,NSE_EQ|INE010J01012,329.04,2026-02-23T10:32:14.383196
Financial Services,The New India Assurance Company Ltd.,NIACL,382.43,152.1,151.61,151.27,-0.7,0.9,NSE_EQ|INE470Y01017,151.54,2026-02-23T10:32:15.052942
Construction Materials,The Ramco Cements Ltd.,RAMCOCEM,1214.5,1121.1,1135.86,1129.82,-0.92,0.01,NSE_EQ|INE331A01037,1129.4,2026-02-23T10:32:15.547891
Capital Goods,Thermax Ltd.,THERMAX,5839.95,3151.0,3028.26,2982.5,5.06,-0.03,NSE_EQ|INE152A01029,3084.81,2026-02-23T10:32:16.033940
Capital Goods,Timken India Ltd.,TIMKEN,4817.9,3155.9,3145.36,3127.29,0.17,0.02,NSE_EQ|INE325A01013,3149.57,2026-02-23T10:32:16.547853
Capital Goods,Titagarh Rail Systems Ltd.,TITAGARH,1896.95,744.8,760.65,774.07,-0.6,-0.46,NSE_EQ|INE615H01020,751.46,2026-02-23T10:32:17.073043
Consumer Durables,Titan Company Ltd.,TITAN,4378.4,4260.1,4215.69,4176.41,0.85,-0.23,NSE_EQ|INE280A01028,4235.42,2026-02-23T10:32:17.566680
Healthcare,Torrent Pharmaceuticals Ltd.,TORNTPHARM,4324.9,4281.3,4184.22,4114.32,0.42,0.12,NSE_EQ|INE685A01028,4235.28,2026-02-23T10:32:18.084598
Power,Torrent Power Ltd.,TORNTPOWER,2037.0,1536.6,1487.09,1446.71,2.41,-0.22,NSE_EQ|INE813H01021,1513.39,2026-02-23T10:32:18.582425
Capital Goods,Transformers And Rectifiers (India) Ltd.,TARIL,648.9,303.82,289.44,278.52,4.53,-4.61,NSE_EQ|INE763I01026,299.71,2026-02-23T10:32:19.098600
Consumer Services,Trent Ltd.,TRENT,8345.0,4058.7,4117.72,4084.95,0.64,-0.64,NSE_EQ|INE849A01020,4108.17,2026-02-23T10:32:19.604951
Textiles,Trident Ltd.,TRIDENT,70.35,26.66,26.46,26.58,-1.58,2.66,NSE_EQ|INE064C01022,26.27,2026-02-23T10:32:20.111943
Fast Moving Consumer Goods,Triveni Engineering & Industries Ltd.,TRIVENI,536.0,381.3,383.79,378.42,1.2,-1.17,NSE_EQ|INE256C01024,384.32,2026-02-23T10:32:20.654482
Capital Goods,Triveni Turbine Ltd.,TRITURBINE,885.0,486.9,490.83,494.61,0.87,-0.68,NSE_EQ|INE152M01016,488.67,2026-02-23T10:32:21.199950
Automobile and Auto Components,Tube Investments of India Ltd.,TIINDIA,4810.8,2555.6,2496.58,2465.05,4.27,-1.17,NSE_EQ|INE974X01010,2527.76,2026-02-23T10:32:21.706224
Financial Services,UCO Bank,UCOBANK,70.65,29.28,28.92,28.89,-0.21,0.97,NSE_EQ|INE691A01018,29.02,2026-02-23T10:32:22.227774
Automobile and Auto Components,UNO Minda Ltd.,UNOMINDA,1382.0,1193.5,1205.82,1206.08,1.13,-0.95,NSE_EQ|INE405E01023,1201.1,2026-02-23T10:32:22.750514
Chemicals,UPL Ltd.,UPL,864.7,653.3,728.5,733.88,-1.02,-8.6,NSE_EQ|INE628A01036,717.9,2026-02-23T10:32:23.264208
Financial Services,UTI Asset Management Company Ltd.,UTIAMC,1494.8,1074.8,1068.14,1063.5,2.13,0.7,NSE_EQ|INE094J01016,1070.5,2026-02-23T10:32:23.802249
Construction Materials,UltraTech Cement Ltd.,ULTRACEMCO,13110.0,12820.0,12854.24,12757.41,0.92,-0.08,NSE_EQ|INE481G01011,12841.02,2026-02-23T10:32:24.318079
Financial Services,Union Bank of India,UNIONBANK,205.1,199.45,188.51,183.07,2.45,1.76,NSE_EQ|INE692A01016,192.96,2026-02-23T10:32:24.861251
Fast Moving Consumer Goods,United Breweries Ltd.,UBL,2299.7,1620.5,1597.44,1573.04,-0.31,0.81,NSE_EQ|INE686F01025,1610.67,2026-02-23T10:32:25.422780
Fast Moving Consumer Goods,United Spirits Ltd.,UNITDSPR,1700.0,1390.6,1396.17,1387.4,-1.55,0.77,NSE_EQ|INE854D01024,1396.17,2026-02-23T10:32:25.956912
Capital Goods,Usha Martin Ltd.,USHAMART,497.1,404.0,411.62,415.67,-0.64,-0.87,NSE_EQ|INE228A01035,407.87,2026-02-23T10:32:26.524968
Consumer Durables,V-Guard Industries Ltd.,VGUARD,577.45,317.2,325.82,328.15,-1.44,-0.24,NSE_EQ|INE951I01027,321.54,2026-02-23T10:32:27.078831
Consumer Services,Valor Estate Ltd.,DBREALTY,284.9,115.96,119.91,118.37,-0.67,-2.14,NSE_EQ|INE879I01012,118.89,2026-02-23T10:32:27.598818
Textiles,Vardhman Textiles Ltd.,VTL,592.0,529.95,510.43,490.51,4.17,-1.84,NSE_EQ|INE825A01020,522.56,2026-02-23T10:32:28.099192
Fast Moving Consumer Goods,Varun Beverages Ltd.,VBL,681.1,455.15,455.9,459.69,0.67,-0.52,NSE_EQ|INE200M01039,455.47,2026-02-23T10:32:28.629479
Consumer Services,Vedant Fashions Ltd.,MANYAVAR,1512.0,427.1,445.21,464.61,0.16,-0.67,NSE_EQ|INE825V01034,432.97,2026-02-23T10:32:29.191561
Metals & Mining,Vedanta Ltd.,VEDL,769.8,683.0,680.62,677.02,1.0,-1.73,NSE_EQ|INE205A01025,680.52,2026-02-23T10:32:29.712647
Consumer Services,Ventive Hospitality Ltd.,VENTIVE,840.0,711.9,732.89,741.73,-1.91,-1.04,NSE_EQ|INE781S01027,720.89,2026-02-23T10:32:30.248436
Healthcare,Vijaya Diagnostic Centre Ltd.,VIJAYA,1275.0,1016.2,1006.57,999.9,-0.11,-0.86,NSE_EQ|INE043W01024,1011.9,2026-02-23T10:32:30.761164
Consumer Services,Vishal Mega Mart Ltd.,VMM,157.6,116.77,119.86,121.81,-0.76,-0.87,NSE_EQ|INE01EA01019,118.35,2026-02-23T10:32:31.280968
Telecommunication,Vodafone Idea Ltd.,IDEA,77.5,10.99,11.26,11.2,-0.8,-1.87,NSE_EQ|INE669E01016,11.21,2026-02-23T10:32:31.812955
Consumer Durables,Voltas Ltd.,VOLTAS,1944.9,1553.1,1516.57,1478.92,2.45,0.32,NSE_EQ|INE226A01021,1537.79,2026-02-23T10:32:32.282401
Capital Goods,Waaree Energies Ltd.,WAAREEENER,3865.0,2879.3,2973.69,2953.34,0.65,-1.73,NSE_EQ|INE377N01017,2934.19,2026-02-23T10:32:32.788814
Capital Goods,Welspun Corp Ltd.,WELCORP,994.0,786.6,798.52,796.08,-0.22,-1.05,NSE_EQ|INE191B01025,792.75,2026-02-23T10:32:33.324130
Textiles,Welspun Living Ltd.,WELSPUNLIV,212.95,141.23,138.71,136.56,-0.23,0.88,NSE_EQ|INE192B01031,139.16,2026-02-23T10:32:33.907604
Consumer Durables,Whirlpool of India Ltd.,WHIRLPOOL,2787.0,921.15,905.32,882.39,1.82,-0.98,NSE_EQ|INE716A01013,919.92,2026-02-23T10:32:34.436928
Information Technology,Wipro Ltd.,WIPRO,369.9,205.24,215.69,224.42,0.08,-2.43,NSE_EQ|INE075A01022,210.42,2026-02-23T10:32:34.927579
Healthcare,Wockhardt Ltd.,WOCKPHARMA,1868.8,1373.5,1391.61,1390.99,-0.06,-0.59,NSE_EQ|INE049B01025,1388.25,2026-02-23T10:32:35.493518
Financial Services,Yes Bank Ltd.,YESBANK,404.0,20.96,21.1,21.28,0.38,-0.47,NSE_EQ|INE528G01035,21.03,2026-02-23T10:32:36.005784
Automobile and Auto Components,ZF Commercial Vehicle Control Systems India Ltd.,ZFCVINDIA,18250.0,15678.0,15500.29,15286.33,0.96,1.35,NSE_EQ|INE342J01019,15534.24,2026-02-23T10:32:36.497210
Media Entertainment & Publication,Zee Entertainment Enterprises Ltd.,ZEEL,619.0,90.52,91.93,90.66,-1.14,-0.2,NSE_EQ|INE256A01028,92.01,2026-02-23T10:32:37.033534
Capital Goods,Zen Technologies Ltd.,ZENTEC,2627.0,1308.6,1326.97,1330.64,-0.59,-1.82,NSE_EQ|INE251B01027,1321.62,2026-02-23T10:32:37.576585
Information Technology,Zensar Technolgies Ltd.,ZENSARTECH,984.95,563.95,585.64,613.41,-1.94,-0.31,NSE_EQ|INE520A01027,570.65,2026-02-23T10:32:38.156989
Healthcare,Zydus Lifesciences Ltd.,ZYDUSLIFE,1324.3,907.05,904.48,902.27,-0.56,0.01,NSE_EQ|INE010B01027,905.25,2026-02-23T10:32:38.686762
Services,eClerx Services Ltd.,ECLERX,4995.0,3537.8,3734.66,3967.84,-0.76,-1.04,NSE_EQ|INE738I01010,3597.58,2026-02-23T10:32:39.208654
