stock_name,group,trading_symbol,instrument_key,ath,cp,prev_change_pct,today_change_pct,ema5,ema10,ema20,last_updated
360 ONE WAM Ltd.,Financial Services,360ONE,NSE_EQ|INE466L01038,1318.0,0,0,0,0,0,0,0
3M India Ltd.,Diversified,3MINDIA,NSE_EQ|INE470A01017,0.0,0,0,0,0,0,0,0
ABB India Ltd.,Capital Goods,ABB,NSE_EQ|INE117A01022,0.0,0,0,0,0,0,0,0
ACC Ltd.,Construction Materials,ACC,NSE_EQ|INE012A01025,0.0,0,0,0,0,0,0,0
ACME Solar Holdings Ltd.,Power,ACMESOLAR,NSE_EQ|INE622W01025,0.0,0,0,0,0,0,0,0
AIA Engineering Ltd.,Capital Goods,AIAENG,NSE_EQ|INE212H01026,0.0,0,0,0,0,0,0,0
APL Apollo Tubes Ltd.,Capital Goods,APLAPOLLO,NSE_EQ|INE702C01027,0.0,0,0,0,0,0,0,0
AU Small Finance Bank Ltd.,Financial Services,AUBANK,NSE_EQ|INE949L01017,0.0,0,0,0,0,0,0,0
AWL Agri Business Ltd.,Fast Moving Consumer Goods,AWL,NSE_EQ|INE699H01024,0.0,0,0,0,0,0,0,0
Aadhar Housing Finance Ltd.,Financial Services,AADHARHFC,NSE_EQ|INE883F01010,0.0,0,0,0,0,0,0,0
Aarti Industries Ltd.,Chemicals,AARTIIND,NSE_EQ|INE769A01020,0.0,0,0,0,0,0,0,0
Aavas Financiers Ltd.,Financial Services,AAVAS,NSE_EQ|INE216P01012,0.0,0,0,0,0,0,0,0
Abbott India Ltd.,Healthcare,ABBOTINDIA,NSE_EQ|INE358A01014,0.0,0,0,0,0,0,0,0
Action Construction Equipment Ltd.,Capital Goods,ACE,NSE_EQ|INE731H01025,0.0,0,0,0,0,0,0,0
Adani Energy Solutions Ltd.,Power,ADANIENSOL,NSE_EQ|INE931S01010,0.0,0,0,0,0,0,0,0
Adani Enterprises Ltd.,Metals & Mining,ADANIENT,NSE_EQ|INE423A01024,0.0,0,0,0,0,0,0,0
Adani Green Energy Ltd.,Power,ADANIGREEN,NSE_EQ|INE364U01010,0.0,0,0,0,0,0,0,0
Adani Ports and Special Economic Zone Ltd.,Services,ADANIPORTS,NSE_EQ|INE742F01042,0.0,0,0,0,0,0,0,0
Adani Power Ltd.,Power,ADANIPOWER,NSE_EQ|INE814H01029,0.0,0,0,0,0,0,0,0
Adani Total Gas Ltd.,Oil Gas & Consumable Fuels,ATGL,NSE_EQ|INE399L01023,0.0,0,0,0,0,0,0,0
Aditya Birla Capital Ltd.,Financial Services,ABCAPITAL,NSE_EQ|INE674K01013,0.0,0,0,0,0,0,0,0
Aditya Birla Fashion and Retail Ltd.,Consumer Services,ABFRL,NSE_EQ|INE647O01011,0.0,0,0,0,0,0,0,0
Aditya Birla Lifestyle Brands Ltd.,Consumer Services,ABLBL,NSE_EQ|INE14LE01019,0.0,0,0,0,0,0,0,0
Aditya Birla Real Estate Ltd.,Forest Materials,ABREL,NSE_EQ|INE055A01016,0.0,0,0,0,0,0,0,0
Aditya Birla Sun Life AMC Ltd.,Financial Services,ABSLAMC,NSE_EQ|INE404A01024,0.0,0,0,0,0,0,0,0
Aegis Logistics Ltd.,Oil Gas & Consumable Fuels,AEGISLOG,NSE_EQ|INE208C01025,0.0,0,0,0,0,0,0,0
Aegis Vopak Terminals Ltd.,Oil Gas & Consumable Fuels,AEGISVOPAK,NSE_EQ|INE0INX01018,0.0,0,0,0,0,0,0,0
Afcons Infrastructure Ltd.,Construction,AFCONS,NSE_EQ|INE101I01011,0.0,0,0,0,0,0,0,0
Affle 3i Ltd.,Information Technology,AFFLE,NSE_EQ|INE00WC01027,0.0,0,0,0,0,0,0,0
Ajanta Pharmaceuticals Ltd.,Healthcare,AJANTPHARM,NSE_EQ|INE031B01049,0.0,0,0,0,0,0,0,0
Akums Drugs and Pharmaceuticals Ltd.,Healthcare,AKUMS,NSE_EQ|INE09XN01023,0.0,0,0,0,0,0,0,0
Akzo Nobel India Ltd.,Consumer Durables,AKZOINDIA,NSE_EQ|INE133A01011,0.0,0,0,0,0,0,0,0
Alembic Pharmaceuticals Ltd.,Healthcare,APLLTD,NSE_EQ|INE901L01018,0.0,0,0,0,0,0,0,0
Alkem Laboratories Ltd.,Healthcare,ALKEM,NSE_EQ|INE540L01014,0.0,0,0,0,0,0,0,0
Alkyl Amines Chemicals Ltd.,Chemicals,ALKYLAMINE,NSE_EQ|INE150B01039,0.0,0,0,0,0,0,0,0
Alok Industries Ltd.,Textiles,ALOKINDS,NSE_EQ|INE270A01029,0.0,0,0,0,0,0,0,0
Amara Raja Energy & Mobility Ltd.,Automobile and Auto Components,ARE&M,NSE_EQ|INE885A01032,0.0,0,0,0,0,0,0,0
Amber Enterprises India Ltd.,Consumer Durables,AMBER,NSE_EQ|INE371P01015,0.0,0,0,0,0,0,0,0
Ambuja Cements Ltd.,Construction Materials,AMBUJACEM,NSE_EQ|INE079A01024,0.0,0,0,0,0,0,0,0
Anand Rathi Wealth Ltd.,Financial Services,ANANDRATHI,NSE_EQ|INE463V01026,0.0,0,0,0,0,0,0,0
Anant Raj Ltd.,Realty,ANANTRAJ,NSE_EQ|INE242C01024,0.0,0,0,0,0,0,0,0
Angel One Ltd.,Financial Services,ANGELONE,NSE_EQ|INE732I01013,0.0,0,0,0,0,0,0,0
Apar Industries Ltd.,Capital Goods,APARINDS,NSE_EQ|INE372A01015,0.0,0,0,0,0,0,0,0
Apollo Hospitals Enterprise Ltd.,Healthcare,APOLLOHOSP,NSE_EQ|INE437A01024,0.0,0,0,0,0,0,0,0
Apollo Tyres Ltd.,Automobile and Auto Components,APOLLOTYRE,NSE_EQ|INE438A01022,0.0,0,0,0,0,0,0,0
Aptus Value Housing Finance India Ltd.,Financial Services,APTUS,NSE_EQ|INE852O01025,0.0,0,0,0,0,0,0,0
Asahi India Glass Ltd.,Automobile and Auto Components,ASAHIINDIA,NSE_EQ|INE439A01020,0.0,0,0,0,0,0,0,0
Ashok Leyland Ltd.,Capital Goods,ASHOKLEY,NSE_EQ|INE208A01029,0.0,0,0,0,0,0,0,0
Asian Paints Ltd.,Consumer Durables,ASIANPAINT,NSE_EQ|INE021A01026,0.0,0,0,0,0,0,0,0
Aster DM Healthcare Ltd.,Healthcare,ASTERDM,NSE_EQ|INE914M01019,0.0,0,0,0,0,0,0,0
AstraZenca Pharma India Ltd.,Healthcare,ASTRAZEN,NSE_EQ|INE203A01020,0.0,0,0,0,0,0,0,0
Astral Ltd.,Capital Goods,ASTRAL,NSE_EQ|INE006I01046,0.0,0,0,0,0,0,0,0
Ather Energy Ltd.,Automobile and Auto Components,ATHERENERG,NSE_EQ|INE0LEZ01016,0.0,0,0,0,0,0,0,0
Atul Ltd.,Chemicals,ATUL,NSE_EQ|INE100A01010,0.0,0,0,0,0,0,0,0
Aurobindo Pharma Ltd.,Healthcare,AUROPHARMA,NSE_EQ|INE406A01037,0.0,0,0,0,0,0,0,0
Authum Investment & Infrastructure Ltd.,Financial Services,AIIL,NSE_EQ|INE206F01022,0.0,0,0,0,0,0,0,0
Avenue Supermarts Ltd.,Consumer Services,DMART,NSE_EQ|INE192R01011,0.0,0,0,0,0,0,0,0
Axis Bank Ltd.,Financial Services,AXISBANK,NSE_EQ|INE238A01034,0.0,0,0,0,0,0,0,0
BASF India Ltd.,Chemicals,BASF,NSE_EQ|INE373A01013,0.0,0,0,0,0,0,0,0
BEML Ltd.,Capital Goods,BEML,NSE_EQ|INE258A01024,0.0,0,0,0,0,0,0,0
BLS International Services Ltd.,Consumer Services,BLS,NSE_EQ|INE153T01027,0.0,0,0,0,0,0,0,0
BSE Ltd.,Financial Services,BSE,NSE_EQ|INE118H01025,0.0,0,0,0,0,0,0,0
Bajaj Auto Ltd.,Automobile and Auto Components,BAJAJ-AUTO,NSE_EQ|INE917I01010,0.0,0,0,0,0,0,0,0
Bajaj Finance Ltd.,Financial Services,BAJFINANCE,NSE_EQ|INE296A01032,0.0,0,0,0,0,0,0,0
Bajaj Finserv Ltd.,Financial Services,BAJAJFINSV,NSE_EQ|INE918I01026,0.0,0,0,0,0,0,0,0
Bajaj Holdings & Investment Ltd.,Financial Services,BAJAJHLDNG,NSE_EQ|INE118A01012,0.0,0,0,0,0,0,0,0
Bajaj Housing Finance Ltd.,Financial Services,BAJAJHFL,NSE_EQ|INE377Y01014,0.0,0,0,0,0,0,0,0
Balkrishna Industries Ltd.,Automobile and Auto Components,BALKRISIND,NSE_EQ|INE787D01026,0.0,0,0,0,0,0,0,0
Balrampur Chini Mills Ltd.,Fast Moving Consumer Goods,BALRAMCHIN,NSE_EQ|INE119A01028,0.0,0,0,0,0,0,0,0
Bandhan Bank Ltd.,Financial Services,BANDHANBNK,NSE_EQ|INE545U01014,0.0,0,0,0,0,0,0,0
Bank of Baroda,Financial Services,BANKBARODA,NSE_EQ|INE028A01039,0.0,0,0,0,0,0,0,0
Bank of India,Financial Services,BANKINDIA,NSE_EQ|INE084A01016,0.0,0,0,0,0,0,0,0
Bank of Maharashtra,Financial Services,MAHABANK,NSE_EQ|INE457A01014,0.0,0,0,0,0,0,0,0
Bata India Ltd.,Consumer Durables,BATAINDIA,NSE_EQ|INE176A01028,0.0,0,0,0,0,0,0,0
Bayer Cropscience Ltd.,Chemicals,BAYERCROP,NSE_EQ|INE462A01022,0.0,0,0,0,0,0,0,0
Berger Paints India Ltd.,Consumer Durables,BERGEPAINT,NSE_EQ|INE463A01038,0.0,0,0,0,0,0,0,0
Bharat Dynamics Ltd.,Capital Goods,BDL,NSE_EQ|INE171Z01026,0.0,0,0,0,0,0,0,0
Bharat Electronics Ltd.,Capital Goods,BEL,NSE_EQ|INE263A01024,0.0,0,0,0,0,0,0,0
Bharat Forge Ltd.,Automobile and Auto Components,BHARATFORG,NSE_EQ|INE465A01025,0.0,0,0,0,0,0,0,0
Bharat Heavy Electricals Ltd.,Capital Goods,BHEL,NSE_EQ|INE257A01026,0.0,0,0,0,0,0,0,0
Bharat Petroleum Corporation Ltd.,Oil Gas & Consumable Fuels,BPCL,NSE_EQ|INE029A01011,0.0,0,0,0,0,0,0,0
Bharti Airtel Ltd.,Telecommunication,BHARTIARTL,NSE_EQ|INE397D01024,0.0,0,0,0,0,0,0,0
Bharti Hexacom Ltd.,Telecommunication,BHARTIHEXA,NSE_EQ|INE343G01021,0.0,0,0,0,0,0,0,0
Bikaji Foods International Ltd.,Fast Moving Consumer Goods,BIKAJI,NSE_EQ|INE00E101023,0.0,0,0,0,0,0,0,0
Biocon Ltd.,Healthcare,BIOCON,NSE_EQ|INE376G01013,0.0,0,0,0,0,0,0,0
Birlasoft Ltd.,Information Technology,BSOFT,NSE_EQ|INE836A01035,0.0,0,0,0,0,0,0,0
Blue Dart Express Ltd.,Services,BLUEDART,NSE_EQ|INE233B01017,0.0,0,0,0,0,0,0,0
Blue Jet Healthcare Ltd.,Healthcare,BLUEJET,NSE_EQ|INE0KBH01020,0.0,0,0,0,0,0,0,0
Blue Star Ltd.,Consumer Durables,BLUESTARCO,NSE_EQ|INE472A01039,0.0,0,0,0,0,0,0,0
Bombay Burmah Trading Corporation Ltd.,Fast Moving Consumer Goods,BBTC,NSE_EQ|INE050A01025,0.0,0,0,0,0,0,0,0
Bosch Ltd.,Automobile and Auto Components,BOSCHLTD,NSE_EQ|INE323A01026,0.0,0,0,0,0,0,0,0
Brainbees Solutions Ltd.,Consumer Services,FIRSTCRY,NSE_EQ|INE02RE01045,0.0,0,0,0,0,0,0,0
Brigade Enterprises Ltd.,Realty,BRIGADE,NSE_EQ|INE791I01019,0.0,0,0,0,0,0,0,0
Britannia Industries Ltd.,Fast Moving Consumer Goods,BRITANNIA,NSE_EQ|INE216A01030,0.0,0,0,0,0,0,0,0
C.E. Info Systems Ltd.,Information Technology,MAPMYINDIA,NSE_EQ|INE0BV301023,0.0,0,0,0,0,0,0,0
CCL Products (I) Ltd.,Fast Moving Consumer Goods,CCL,NSE_EQ|INE421D01022,0.0,0,0,0,0,0,0,0
CESC Ltd.,Power,CESC,NSE_EQ|INE486A01021,0.0,0,0,0,0,0,0,0
CG Power and Industrial Solutions Ltd.,Capital Goods,CGPOWER,NSE_EQ|INE067A01029,0.0,0,0,0,0,0,0,0
CRISIL Ltd.,Financial Services,CRISIL,NSE_EQ|INE007A01025,0.0,0,0,0,0,0,0,0
Campus Activewear Ltd.,Consumer Durables,CAMPUS,NSE_EQ|INE278Y01022,0.0,0,0,0,0,0,0,0
Can Fin Homes Ltd.,Financial Services,CANFINHOME,NSE_EQ|INE477A01020,0.0,0,0,0,0,0,0,0
Canara Bank,Financial Services,CANBK,NSE_EQ|INE476A01022,0.0,0,0,0,0,0,0,0
Caplin Point Laboratories Ltd.,Healthcare,CAPLIPOINT,NSE_EQ|INE475E01026,0.0,0,0,0,0,0,0,0
Capri Global Capital Ltd.,Financial Services,CGCL,NSE_EQ|INE180C01042,0.0,0,0,0,0,0,0,0
Carborundum Universal Ltd.,Capital Goods,CARBORUNIV,NSE_EQ|INE120A01034,0.0,0,0,0,0,0,0,0
Castrol India Ltd.,Oil Gas & Consumable Fuels,CASTROLIND,NSE_EQ|INE172A01027,0.0,0,0,0,0,0,0,0
Ceat Ltd.,Automobile and Auto Components,CEATLTD,NSE_EQ|INE482A01020,0.0,0,0,0,0,0,0,0
Central Bank of India,Financial Services,CENTRALBK,NSE_EQ|INE483A01010,0.0,0,0,0,0,0,0,0
Central Depository Services (India) Ltd.,Financial Services,CDSL,NSE_EQ|INE736A01011,0.0,0,0,0,0,0,0,0
Century Plyboards (India) Ltd.,Consumer Durables,CENTURYPLY,NSE_EQ|INE348B01021,0.0,0,0,0,0,0,0,0
Cera Sanitaryware Ltd,Consumer Durables,CERA,NSE_EQ|INE739E01017,0.0,0,0,0,0,0,0,0
Chalet Hotels Ltd.,Consumer Services,CHALET,NSE_EQ|INE427F01016,0.0,0,0,0,0,0,0,0
Chambal Fertilizers & Chemicals Ltd.,Chemicals,CHAMBLFERT,NSE_EQ|INE085A01013,0.0,0,0,0,0,0,0,0
Chennai Petroleum Corporation Ltd.,Oil Gas & Consumable Fuels,CHENNPETRO,NSE_EQ|INE178A01016,0.0,0,0,0,0,0,0,0
Choice International Ltd.,Financial Services,CHOICEIN,NSE_EQ|INE102B01014,0.0,0,0,0,0,0,0,0
Cholamandalam Financial Holdings Ltd.,Financial Services,CHOLAHLDNG,NSE_EQ|INE149A01033,0.0,0,0,0,0,0,0,0
Cholamandalam Investment and Finance Company Ltd.,Financial Services,CHOLAFIN,NSE_EQ|INE121A01024,0.0,0,0,0,0,0,0,0
Cipla Ltd.,Healthcare,CIPLA,NSE_EQ|INE059A01026,0.0,0,0,0,0,0,0,0
City Union Bank Ltd.,Financial Services,CUB,NSE_EQ|INE491A01021,0.0,0,0,0,0,0,0,0
Clean Science and Technology Ltd.,Chemicals,CLEAN,NSE_EQ|INE227W01023,0.0,0,0,0,0,0,0,0
Coal India Ltd.,Oil Gas & Consumable Fuels,COALINDIA,NSE_EQ|INE522F01014,0.0,0,0,0,0,0,0,0
Cochin Shipyard Ltd.,Capital Goods,COCHINSHIP,NSE_EQ|INE704P01025,0.0,0,0,0,0,0,0,0
Coforge Ltd.,Information Technology,COFORGE,NSE_EQ|INE591G01025,0.0,0,0,0,0,0,0,0
Cohance Lifesciences Ltd.,Healthcare,COHANCE,NSE_EQ|INE03QK01018,0.0,0,0,0,0,0,0,0
Colgate Palmolive (India) Ltd.,Fast Moving Consumer Goods,COLPAL,NSE_EQ|INE259A01022,0.0,0,0,0,0,0,0,0
Computer Age Management Services Ltd.,Financial Services,CAMS,NSE_EQ|INE596I01020,0.0,0,0,0,0,0,0,0
Concord Biotech Ltd.,Healthcare,CONCORDBIO,NSE_EQ|INE338H01029,0.0,0,0,0,0,0,0,0
Container Corporation of India Ltd.,Services,CONCOR,NSE_EQ|INE111A01025,0.0,0,0,0,0,0,0,0
Coromandel International Ltd.,Chemicals,COROMANDEL,NSE_EQ|INE169A01031,0.0,0,0,0,0,0,0,0
Craftsman Automation Ltd.,Automobile and Auto Components,CRAFTSMAN,NSE_EQ|INE00LO01017,0.0,0,0,0,0,0,0,0
CreditAccess Grameen Ltd.,Financial Services,CREDITACC,NSE_EQ|INE741K01010,0.0,0,0,0,0,0,0,0
Crompton Greaves Consumer Electricals Ltd.,Consumer Durables,CROMPTON,NSE_EQ|INE299U01018,0.0,0,0,0,0,0,0,0
Cummins India Ltd.,Capital Goods,CUMMINSIND,NSE_EQ|INE298A01020,0.0,0,0,0,0,0,0,0
Cyient Ltd.,Information Technology,CYIENT,NSE_EQ|INE136B01020,0.0,0,0,0,0,0,0,0
DCM Shriram Ltd.,Diversified,DCMSHRIRAM,NSE_EQ|INE499A01024,0.0,0,0,0,0,0,0,0
DLF Ltd.,Realty,DLF,NSE_EQ|INE271C01023,0.0,0,0,0,0,0,0,0
DOMS Industries Ltd.,Fast Moving Consumer Goods,DOMS,NSE_EQ|INE321T01012,0.0,0,0,0,0,0,0,0
Dabur India Ltd.,Fast Moving Consumer Goods,DABUR,NSE_EQ|INE016A01026,0.0,0,0,0,0,0,0,0
Dalmia Bharat Ltd.,Construction Materials,DALBHARAT,NSE_EQ|INE00R701025,0.0,0,0,0,0,0,0,0
Data Patterns (India) Ltd.,Capital Goods,DATAPATTNS,NSE_EQ|INE0IX101010,0.0,0,0,0,0,0,0,0
Deepak Fertilisers & Petrochemicals Corp. Ltd.,Chemicals,DEEPAKFERT,NSE_EQ|INE501A01019,0.0,0,0,0,0,0,0,0
Deepak Nitrite Ltd.,Chemicals,DEEPAKNTR,NSE_EQ|INE288B01029,0.0,0,0,0,0,0,0,0
Delhivery Ltd.,Services,DELHIVERY,NSE_EQ|INE148O01028,0.0,0,0,0,0,0,0,0
Devyani International Ltd.,Consumer Services,DEVYANI,NSE_EQ|INE872J01023,0.0,0,0,0,0,0,0,0
Divi's Laboratories Ltd.,Healthcare,DIVISLAB,NSE_EQ|INE361B01024,0.0,0,0,0,0,0,0,0
Dixon Technologies (India) Ltd.,Consumer Durables,DIXON,NSE_EQ|INE935N01020,0.0,0,0,0,0,0,0,0
Dr. Agarwal's Health Care Ltd.,Healthcare,AGARWALEYE,NSE_EQ|INE943P01029,0.0,0,0,0,0,0,0,0
Dr. Lal Path Labs Ltd.,Healthcare,LALPATHLAB,NSE_EQ|INE600L01024,0.0,0,0,0,0,0,0,0
Dr. Reddy's Laboratories Ltd.,Healthcare,DRREDDY,NSE_EQ|INE089A01031,0.0,0,0,0,0,0,0,0
E.I.D. Parry (India) Ltd.,Fast Moving Consumer Goods,EIDPARRY,NSE_EQ|INE126A01031,0.0,0,0,0,0,0,0,0
EIH Ltd.,Consumer Services,EIHOTEL,NSE_EQ|INE230A01023,0.0,0,0,0,0,0,0,0
Eicher Motors Ltd.,Automobile and Auto Components,EICHERMOT,NSE_EQ|INE066A01021,0.0,0,0,0,0,0,0,0
Elecon Engineering Co. Ltd.,Capital Goods,ELECON,NSE_EQ|INE205B01031,0.0,0,0,0,0,0,0,0
Elgi Equipments Ltd.,Capital Goods,ELGIEQUIP,NSE_EQ|INE285A01027,0.0,0,0,0,0,0,0,0
Emami Ltd.,Fast Moving Consumer Goods,EMAMILTD,NSE_EQ|INE548C01032,0.0,0,0,0,0,0,0,0
Emcure Pharmaceuticals Ltd.,Healthcare,EMCURE,NSE_EQ|INE168P01015,0.0,0,0,0,0,0,0,0
Endurance Technologies Ltd.,Automobile and Auto Components,ENDURANCE,NSE_EQ|INE913H01037,0.0,0,0,0,0,0,0,0
Engineers India Ltd.,Construction,ENGINERSIN,NSE_EQ|INE510A01028,0.0,0,0,0,0,0,0,0
Eris Lifesciences Ltd.,Healthcare,ERIS,NSE_EQ|INE406M01024,0.0,0,0,0,0,0,0,0
Escorts Kubota Ltd.,Capital Goods,ESCORTS,NSE_EQ|INE042A01014,0.0,0,0,0,0,0,0,0
Eternal Ltd.,Consumer Services,ETERNAL,NSE_EQ|INE758T01015,0.0,0,0,0,0,0,0,0
Exide Industries Ltd.,Automobile and Auto Components,EXIDEIND,NSE_EQ|INE302A01020,0.0,0,0,0,0,0,0,0
FSN E-Commerce Ventures Ltd.,Consumer Services,NYKAA,NSE_EQ|INE388Y01029,0.0,0,0,0,0,0,0,0
Federal Bank Ltd.,Financial Services,FEDERALBNK,NSE_EQ|INE171A01029,0.0,0,0,0,0,0,0,0
Fertilisers and Chemicals Travancore Ltd.,Chemicals,FACT,NSE_EQ|INE188A01015,0.0,0,0,0,0,0,0,0
Finolex Cables Ltd.,Capital Goods,FINCABLES,NSE_EQ|INE235A01022,0.0,0,0,0,0,0,0,0
Finolex Industries Ltd.,Capital Goods,FINPIPE,NSE_EQ|INE183A01024,0.0,0,0,0,0,0,0,0
Firstsource Solutions Ltd.,Services,FSL,NSE_EQ|INE684F01012,0.0,0,0,0,0,0,0,0
Five-Star Business Finance Ltd.,Financial Services,FIVESTAR,NSE_EQ|INE128S01021,0.0,0,0,0,0,0,0,0
Force Motors Ltd.,Automobile and Auto Components,FORCEMOT,NSE_EQ|INE451A01017,0.0,0,0,0,0,0,0,0
Fortis Healthcare Ltd.,Healthcare,FORTIS,NSE_EQ|INE061F01013,0.0,0,0,0,0,0,0,0
GAIL (India) Ltd.,Oil Gas & Consumable Fuels,GAIL,NSE_EQ|INE129A01019,0.0,0,0,0,0,0,0,0
GE Vernova T&D India Ltd.,Capital Goods,GVT&D,NSE_EQ|INE200A01026,0.0,0,0,0,0,0,0,0
GMR Airports Ltd.,Services,GMRAIRPORT,NSE_EQ|INE776C01039,0.0,0,0,0,0,0,0,0
Garden Reach Shipbuilders & Engineers Ltd.,Capital Goods,GRSE,NSE_EQ|INE382Z01011,0.0,0,0,0,0,0,0,0
General Insurance Corporation of India,Financial Services,GICRE,NSE_EQ|INE481Y01014,0.0,0,0,0,0,0,0,0
Gillette India Ltd.,Fast Moving Consumer Goods,GILLETTE,NSE_EQ|INE322A01010,0.0,0,0,0,0,0,0,0
Gland Pharma Ltd.,Healthcare,GLAND,NSE_EQ|INE068V01023,0.0,0,0,0,0,0,0,0
Glaxosmithkline Pharmaceuticals Ltd.,Healthcare,GLAXO,NSE_EQ|INE159A01016,0.0,0,0,0,0,0,0,0
Glenmark Pharmaceuticals Ltd.,Healthcare,GLENMARK,NSE_EQ|INE935A01035,0.0,0,0,0,0,0,0,0
Global Health Ltd.,Healthcare,MEDANTA,NSE_EQ|INE474Q01031,0.0,0,0,0,0,0,0,0
Go Digit General Insurance Ltd.,Financial Services,GODIGIT,NSE_EQ|INE03JT01014,0.0,0,0,0,0,0,0,0
Godawari Power & Ispat Ltd.,Capital Goods,GPIL,NSE_EQ|INE177H01039,0.0,0,0,0,0,0,0,0
Godfrey Phillips India Ltd.,Fast Moving Consumer Goods,GODFRYPHLP,NSE_EQ|INE260B01028,0.0,0,0,0,0,0,0,0
Godrej Agrovet Ltd.,Fast Moving Consumer Goods,GODREJAGRO,NSE_EQ|INE850D01014,0.0,0,0,0,0,0,0,0
Godrej Consumer Products Ltd.,Fast Moving Consumer Goods,GODREJCP,NSE_EQ|INE102D01028,0.0,0,0,0,0,0,0,0
Godrej Industries Ltd.,Diversified,GODREJIND,NSE_EQ|INE233A01035,0.0,0,0,0,0,0,0,0
Godrej Properties Ltd.,Realty,GODREJPROP,NSE_EQ|INE484J01027,0.0,0,0,0,0,0,0,0
Granules India Ltd.,Healthcare,GRANULES,NSE_EQ|INE101D01020,0.0,0,0,0,0,0,0,0
Graphite India Ltd.,Capital Goods,GRAPHITE,NSE_EQ|INE371A01025,0.0,0,0,0,0,0,0,0
Grasim Industries Ltd.,Construction Materials,GRASIM,NSE_EQ|INE047A01021,0.0,0,0,0,0,0,0,0
Gravita India Ltd.,Metals & Mining,GRAVITA,NSE_EQ|INE024L01027,0.0,0,0,0,0,0,0,0
Great Eastern Shipping Co. Ltd.,Services,GESHIP,NSE_EQ|INE017A01032,0.0,0,0,0,0,0,0,0
Gujarat Fluorochemicals Ltd.,Chemicals,FLUOROCHEM,NSE_EQ|INE09N301011,0.0,0,0,0,0,0,0,0
Gujarat Gas Ltd.,Oil Gas & Consumable Fuels,GUJGASLTD,NSE_EQ|INE844O01030,0.0,0,0,0,0,0,0,0
Gujarat Mineral Development Corporation Ltd.,Metals & Mining,GMDCLTD,NSE_EQ|INE131A01031,0.0,0,0,0,0,0,0,0
Gujarat State Petronet Ltd.,Oil Gas & Consumable Fuels,GSPL,NSE_EQ|INE246F01010,0.0,0,0,0,0,0,0,0
H.E.G. Ltd.,Capital Goods,HEG,NSE_EQ|INE545A01024,0.0,0,0,0,0,0,0,0
HBL Engineering Ltd.,Capital Goods,HBLENGINE,NSE_EQ|INE292B01021,0.0,0,0,0,0,0,0,0
HCL Technologies Ltd.,Information Technology,HCLTECH,NSE_EQ|INE860A01027,0.0,0,0,0,0,0,0,0
HDFC Asset Management Company Ltd.,Financial Services,HDFCAMC,NSE_EQ|INE127D01025,0.0,0,0,0,0,0,0,0
HDFC Bank Ltd.,Financial Services,HDFCBANK,NSE_EQ|INE040A01034,0.0,0,0,0,0,0,0,0
HDFC Life Insurance Company Ltd.,Financial Services,HDFCLIFE,NSE_EQ|INE795G01014,0.0,0,0,0,0,0,0,0
HFCL Ltd.,Telecommunication,HFCL,NSE_EQ|INE548A01028,0.0,0,0,0,0,0,0,0
Happiest Minds Technologies Ltd.,Information Technology,HAPPSTMNDS,NSE_EQ|INE419U01012,0.0,0,0,0,0,0,0,0
Havells India Ltd.,Consumer Durables,HAVELLS,NSE_EQ|INE176B01034,0.0,0,0,0,0,0,0,0
Hero MotoCorp Ltd.,Automobile and Auto Components,HEROMOTOCO,NSE_EQ|INE158A01026,0.0,0,0,0,0,0,0,0
Hexaware Technologies Ltd.,Information Technology,HEXT,NSE_EQ|INE093A01041,0.0,0,0,0,0,0,0,0
Himadri Speciality Chemical Ltd.,Chemicals,HSCL,NSE_EQ|INE019C01026,0.0,0,0,0,0,0,0,0
Hindalco Industries Ltd.,Metals & Mining,HINDALCO,NSE_EQ|INE038A01020,0.0,0,0,0,0,0,0,0
Hindustan Aeronautics Ltd.,Capital Goods,HAL,NSE_EQ|INE066F01020,0.0,0,0,0,0,0,0,0
Hindustan Copper Ltd.,Metals & Mining,HINDCOPPER,NSE_EQ|INE531E01026,0.0,0,0,0,0,0,0,0
Hindustan Petroleum Corporation Ltd.,Oil Gas & Consumable Fuels,HINDPETRO,NSE_EQ|INE094A01015,0.0,0,0,0,0,0,0,0
Hindustan Unilever Ltd.,Fast Moving Consumer Goods,HINDUNILVR,NSE_EQ|INE030A01027,0.0,0,0,0,0,0,0,0
Hindustan Zinc Ltd.,Metals & Mining,HINDZINC,NSE_EQ|INE267A01025,0.0,0,0,0,0,0,0,0
Hitachi Energy India Ltd.,Capital Goods,POWERINDIA,NSE_EQ|INE07Y701011,0.0,0,0,0,0,0,0,0
Home First Finance Company India Ltd.,Financial Services,HOMEFIRST,NSE_EQ|INE481N01025,0.0,0,0,0,0,0,0,0
Honasa Consumer Ltd.,Fast Moving Consumer Goods,HONASA,NSE_EQ|INE0J5401028,0.0,0,0,0,0,0,0,0
Honeywell Automation India Ltd.,Capital Goods,HONAUT,NSE_EQ|INE671A01010,0.0,0,0,0,0,0,0,0
Housing & Urban Development Corporation Ltd.,Financial Services,HUDCO,NSE_EQ|INE031A01017,0.0,0,0,0,0,0,0,0
Hyundai Motor India Ltd.,Automobile and Auto Components,HYUNDAI,NSE_EQ|INE0V6F01027,0.0,0,0,0,0,0,0,0
ICICI Bank Ltd.,Financial Services,ICICIBANK,NSE_EQ|INE090A01021,0.0,0,0,0,0,0,0,0
ICICI Lombard General Insurance Company Ltd.,Financial Services,ICICIGI,NSE_EQ|INE765G01017,0.0,0,0,0,0,0,0,0
ICICI Prudential Life Insurance Company Ltd.,Financial Services,ICICIPRULI,NSE_EQ|INE726G01019,0.0,0,0,0,0,0,0,0
IDBI Bank Ltd.,Financial Services,IDBI,NSE_EQ|INE008A01015,0.0,0,0,0,0,0,0,0
IDFC First Bank Ltd.,Financial Services,IDFCFIRSTB,NSE_EQ|INE092T01019,0.0,0,0,0,0,0,0,0
IFCI Ltd.,Financial Services,IFCI,NSE_EQ|INE039A01010,0.0,0,0,0,0,0,0,0
IIFL Finance Ltd.,Financial Services,IIFL,NSE_EQ|INE530B01024,0.0,0,0,0,0,0,0,0
INOX India Ltd.,Capital Goods,INOXINDIA,NSE_EQ|INE616N01034,0.0,0,0,0,0,0,0,0
IRB Infrastructure Developers Ltd.,Construction,IRB,NSE_EQ|INE821I01022,0.0,0,0,0,0,0,0,0
IRCON International Ltd.,Construction,IRCON,NSE_EQ|INE962Y01021,0.0,0,0,0,0,0,0,0
ITC Hotels Ltd.,Consumer Services,ITCHOTELS,NSE_EQ|INE379A01028,0.0,0,0,0,0,0,0,0
ITC Ltd.,Fast Moving Consumer Goods,ITC,NSE_EQ|INE154A01025,0.0,0,0,0,0,0,0,0
ITI Ltd.,Telecommunication,ITI,NSE_EQ|INE248A01017,0.0,0,0,0,0,0,0,0
Indegene Ltd.,Healthcare,INDGN,NSE_EQ|INE065X01017,0.0,0,0,0,0,0,0,0
India Cements Ltd.,Construction Materials,INDIACEM,NSE_EQ|INE383A01012,0.0,0,0,0,0,0,0,0
Indiamart Intermesh Ltd.,Consumer Services,INDIAMART,NSE_EQ|INE933S01016,0.0,0,0,0,0,0,0,0
Indian Bank,Financial Services,INDIANB,NSE_EQ|INE562A01011,0.0,0,0,0,0,0,0,0
Indian Energy Exchange Ltd.,Financial Services,IEX,NSE_EQ|INE022Q01020,0.0,0,0,0,0,0,0,0
Indian Hotels Co. Ltd.,Consumer Services,INDHOTEL,NSE_EQ|INE053A01029,0.0,0,0,0,0,0,0,0
Indian Oil Corporation Ltd.,Oil Gas & Consumable Fuels,IOC,NSE_EQ|INE242A01010,0.0,0,0,0,0,0,0,0
Indian Overseas Bank,Financial Services,IOB,NSE_EQ|INE565A01014,0.0,0,0,0,0,0,0,0
Indian Railway Catering And Tourism Corporation Ltd.,Consumer Services,IRCTC,NSE_EQ|INE335Y01020,0.0,0,0,0,0,0,0,0
Indian Railway Finance Corporation Ltd.,Financial Services,IRFC,NSE_EQ|INE053F01010,0.0,0,0,0,0,0,0,0
Indian Renewable Energy Development Agency Ltd.,Financial Services,IREDA,NSE_EQ|INE202E01016,0.0,0,0,0,0,0,0,0
Indraprastha Gas Ltd.,Oil Gas & Consumable Fuels,IGL,NSE_EQ|INE203G01027,0.0,0,0,0,0,0,0,0
Indus Towers Ltd.,Telecommunication,INDUSTOWER,NSE_EQ|INE121J01017,0.0,0,0,0,0,0,0,0
IndusInd Bank Ltd.,Financial Services,INDUSINDBK,NSE_EQ|INE095A01012,0.0,0,0,0,0,0,0,0
Info Edge (India) Ltd.,Consumer Services,NAUKRI,NSE_EQ|INE663F01032,0.0,0,0,0,0,0,0,0
Infosys Ltd.,Information Technology,INFY,NSE_EQ|INE009A01021,0.0,0,0,0,0,0,0,0
Inox Wind Ltd.,Capital Goods,INOXWIND,NSE_EQ|INE066P01011,0.0,0,0,0,0,0,0,0
Intellect Design Arena Ltd.,Information Technology,INTELLECT,NSE_EQ|INE306R01017,0.0,0,0,0,0,0,0,0
InterGlobe Aviation Ltd.,Services,INDIGO,NSE_EQ|INE646L01027,0.0,0,0,0,0,0,0,0
International Gemmological Institute (India) Ltd.,Services,IGIL,NSE_EQ|INE0Q9301021,0.0,0,0,0,0,0,0,0
Inventurus Knowledge Solutions Ltd.,Information Technology,IKS,NSE_EQ|INE115Q01022,0.0,0,0,0,0,0,0,0
Ipca Laboratories Ltd.,Healthcare,IPCALAB,NSE_EQ|INE571A01038,0.0,0,0,0,0,0,0,0
J.B. Chemicals & Pharmaceuticals Ltd.,Healthcare,JBCHEPHARM,NSE_EQ|INE572A01036,0.0,0,0,0,0,0,0,0
J.K. Cement Ltd.,Construction Materials,JKCEMENT,NSE_EQ|INE823G01014,0.0,0,0,0,0,0,0,0
JBM Auto Ltd.,Automobile and Auto Components,JBMA,NSE_EQ|INE927D01051,0.0,0,0,0,0,0,0,0
JK Tyre & Industries Ltd.,Automobile and Auto Components,JKTYRE,NSE_EQ|INE573A01042,0.0,0,0,0,0,0,0,0
JM Financial Ltd.,Financial Services,JMFINANCIL,NSE_EQ|INE780C01023,0.0,0,0,0,0,0,0,0
JSW Cement Ltd.,Construction Materials,JSWCEMENT,NSE_EQ|INE718I01012,0.0,0,0,0,0,0,0,0
JSW Energy Ltd.,Power,JSWENERGY,NSE_EQ|INE121E01018,0.0,0,0,0,0,0,0,0
JSW Infrastructure Ltd.,Services,JSWINFRA,NSE_EQ|INE880J01026,0.0,0,0,0,0,0,0,0
JSW Steel Ltd.,Metals & Mining,JSWSTEEL,NSE_EQ|INE019A01038,0.0,0,0,0,0,0,0,0
Jaiprakash Power Ventures Ltd.,Power,JPPOWER,NSE_EQ|INE351F01018,0.0,0,0,0,0,0,0,0
Jammu & Kashmir Bank Ltd.,Financial Services,J&KBANK,NSE_EQ|INE168A01041,0.0,0,0,0,0,0,0,0
Jindal Saw Ltd.,Capital Goods,JINDALSAW,NSE_EQ|INE324A01032,0.0,0,0,0,0,0,0,0
Jindal Stainless Ltd.,Metals & Mining,JSL,NSE_EQ|INE220G01021,0.0,0,0,0,0,0,0,0
Jindal Steel Ltd.,Metals & Mining,JINDALSTEL,NSE_EQ|INE749A01030,0.0,0,0,0,0,0,0,0
Jio Financial Services Ltd.,Financial Services,JIOFIN,NSE_EQ|INE758E01017,0.0,0,0,0,0,0,0,0
Jubilant Foodworks Ltd.,Consumer Services,JUBLFOOD,NSE_EQ|INE797F01020,0.0,0,0,0,0,0,0,0
Jubilant Ingrevia Ltd.,Chemicals,JUBLINGREA,NSE_EQ|INE0BY001018,0.0,0,0,0,0,0,0,0
Jubilant Pharmova Ltd.,Healthcare,JUBLPHARMA,NSE_EQ|INE700A01033,0.0,0,0,0,0,0,0,0
Jupiter Wagons Ltd.,Capital Goods,JWL,NSE_EQ|INE209L01016,0.0,0,0,0,0,0,0,0
Jyothy Labs Ltd.,Fast Moving Consumer Goods,JYOTHYLAB,NSE_EQ|INE668F01031,0.0,0,0,0,0,0,0,0
Jyoti CNC Automation Ltd.,Capital Goods,JYOTICNC,NSE_EQ|INE980O01024,0.0,0,0,0,0,0,0,0
K.P.R. Mill Ltd.,Textiles,KPRMILL,NSE_EQ|INE930H01031,0.0,0,0,0,0,0,0,0
KEI Industries Ltd.,Capital Goods,KEI,NSE_EQ|INE878B01027,0.0,0,0,0,0,0,0,0
KPIT Technologies Ltd.,Information Technology,KPITTECH,NSE_EQ|INE04I401011,0.0,0,0,0,0,0,0,0
KSB Ltd.,Capital Goods,KSB,NSE_EQ|INE999A01023,0.0,0,0,0,0,0,0,0
Kajaria Ceramics Ltd.,Consumer Durables,KAJARIACER,NSE_EQ|INE217B01036,0.0,0,0,0,0,0,0,0
Kalpataru Projects International Ltd.,Construction,KPIL,NSE_EQ|INE220B01022,0.0,0,0,0,0,0,0,0
Kalyan Jewellers India Ltd.,Consumer Durables,KALYANKJIL,NSE_EQ|INE303R01014,0.0,0,0,0,0,0,0,0
Karur Vysya Bank Ltd.,Financial Services,KARURVYSYA,NSE_EQ|INE036D01028,0.0,0,0,0,0,0,0,0
Kaynes Technology India Ltd.,Capital Goods,KAYNES,NSE_EQ|INE918Z01012,0.0,0,0,0,0,0,0,0
Kec International Ltd.,Construction,KEC,NSE_EQ|INE389H01022,0.0,0,0,0,0,0,0,0
Kfin Technologies Ltd.,Financial Services,KFINTECH,NSE_EQ|INE138Y01010,0.0,0,0,0,0,0,0,0
Kirloskar Brothers Ltd.,Capital Goods,KIRLOSBROS,NSE_EQ|INE732A01036,0.0,0,0,0,0,0,0,0
Kirloskar Oil Eng Ltd.,Capital Goods,KIRLOSENG,NSE_EQ|INE146L01010,0.0,0,0,0,0,0,0,0
Kotak Mahindra Bank Ltd.,Financial Services,KOTAKBANK,NSE_EQ|INE237A01036,0.0,0,0,0,0,0,0,0
Krishna Institute of Medical Sciences Ltd.,Healthcare,KIMS,NSE_EQ|INE967H01025,0.0,0,0,0,0,0,0,0
Kwality Wall's (India) Ltd.,Fast Moving Consumer Goods,KWIL,NSE_EQ|INE2KCE01013,0.0,0,0,0,0,0,0,0
L&T Finance Ltd.,Financial Services,LTF,NSE_EQ|INE498L01015,0.0,0,0,0,0,0,0,0
L&T Technology Services Ltd.,Information Technology,LTTS,NSE_EQ|INE010V01017,0.0,0,0,0,0,0,0,0
LIC Housing Finance Ltd.,Financial Services,LICHSGFIN,NSE_EQ|INE115A01026,0.0,0,0,0,0,0,0,0
LT Foods Ltd.,Fast Moving Consumer Goods,LTFOODS,NSE_EQ|INE818H01020,0.0,0,0,0,0,0,0,0
LTIMindtree Ltd.,Information Technology,LTIM,NSE_EQ|INE214T01019,0.0,0,0,0,0,0,0,0
Larsen & Toubro Ltd.,Construction,LT,NSE_EQ|INE018A01030,0.0,0,0,0,0,0,0,0
Latent View Analytics Ltd.,Information Technology,LATENTVIEW,NSE_EQ|INE0I7C01011,0.0,0,0,0,0,0,0,0
Laurus Labs Ltd.,Healthcare,LAURUSLABS,NSE_EQ|INE947Q01028,0.0,0,0,0,0,0,0,0
Leela Palaces Hotels & Resorts Ltd.,Consumer Services,THELEELA,NSE_EQ|INE0AQ201015,0.0,0,0,0,0,0,0,0
Lemon Tree Hotels Ltd.,Consumer Services,LEMONTREE,NSE_EQ|INE970X01018,0.0,0,0,0,0,0,0,0
Life Insurance Corporation of India,Financial Services,LICI,NSE_EQ|INE0J1Y01017,0.0,0,0,0,0,0,0,0
Linde India Ltd.,Chemicals,LINDEINDIA,NSE_EQ|INE473A01011,0.0,0,0,0,0,0,0,0
Lloyds Metals And Energy Ltd.,Metals & Mining,LLOYDSME,NSE_EQ|INE281B01032,0.0,0,0,0,0,0,0,0
Lodha Developers Ltd.,Realty,LODHA,NSE_EQ|INE670K01029,0.0,0,0,0,0,0,0,0
Lupin Ltd.,Healthcare,LUPIN,NSE_EQ|INE326A01037,0.0,0,0,0,0,0,0,0
MMTC Ltd.,Services,MMTC,NSE_EQ|INE123F01029,0.0,0,0,0,0,0,0,0
MRF Ltd.,Automobile and Auto Components,MRF,NSE_EQ|INE883A01011,0.0,0,0,0,0,0,0,0
Mahanagar Gas Ltd.,Oil Gas & Consumable Fuels,MGL,NSE_EQ|INE002S01010,0.0,0,0,0,0,0,0,0
Maharashtra Scooters Ltd.,Financial Services,MAHSCOOTER,NSE_EQ|INE288A01013,0.0,0,0,0,0,0,0,0
Maharashtra Seamless Ltd.,Capital Goods,MAHSEAMLES,NSE_EQ|INE271B01025,0.0,0,0,0,0,0,0,0
Mahindra & Mahindra Financial Services Ltd.,Financial Services,M&MFIN,NSE_EQ|INE774D01024,0.0,0,0,0,0,0,0,0
Mahindra & Mahindra Ltd.,Automobile and Auto Components,M&M,NSE_EQ|INE101A01026,0.0,0,0,0,0,0,0,0
Manappuram Finance Ltd.,Financial Services,MANAPPURAM,NSE_EQ|INE522D01027,0.0,0,0,0,0,0,0,0
Mangalore Refinery & Petrochemicals Ltd.,Oil Gas & Consumable Fuels,MRPL,NSE_EQ|INE103A01014,0.0,0,0,0,0,0,0,0
Mankind Pharma Ltd.,Healthcare,MANKIND,NSE_EQ|INE634S01028,0.0,0,0,0,0,0,0,0
Marico Ltd.,Fast Moving Consumer Goods,MARICO,NSE_EQ|INE196A01026,0.0,0,0,0,0,0,0,0
Maruti Suzuki India Ltd.,Automobile and Auto Components,MARUTI,NSE_EQ|INE585B01010,0.0,0,0,0,0,0,0,0
Max Financial Services Ltd.,Financial Services,MFSL,NSE_EQ|INE180A01020,0.0,0,0,0,0,0,0,0
Max Healthcare Institute Ltd.,Healthcare,MAXHEALTH,NSE_EQ|INE027H01010,0.0,0,0,0,0,0,0,0
Mazagoan Dock Shipbuilders Ltd.,Capital Goods,MAZDOCK,NSE_EQ|INE249Z01020,0.0,0,0,0,0,0,0,0
Metropolis Healthcare Ltd.,Healthcare,METROPOLIS,NSE_EQ|INE112L01020,0.0,0,0,0,0,0,0,0
Minda Corporation Ltd.,Automobile and Auto Components,MINDACORP,NSE_EQ|INE842C01021,0.0,0,0,0,0,0,0,0
Motherson Sumi Wiring India Ltd.,Automobile and Auto Components,MSUMI,NSE_EQ|INE0FS801015,0.0,0,0,0,0,0,0,0
Motilal Oswal Financial Services Ltd.,Financial Services,MOTILALOFS,NSE_EQ|INE338I01027,0.0,0,0,0,0,0,0,0
MphasiS Ltd.,Information Technology,MPHASIS,NSE_EQ|INE356A01018,0.0,0,0,0,0,0,0,0
Multi Commodity Exchange of India Ltd.,Financial Services,MCX,NSE_EQ|INE745G01043,0.0,0,0,0,0,0,0,0
Muthoot Finance Ltd.,Financial Services,MUTHOOTFIN,NSE_EQ|INE414G01012,0.0,0,0,0,0,0,0,0
NATCO Pharma Ltd.,Healthcare,NATCOPHARM,NSE_EQ|INE987B01026,0.0,0,0,0,0,0,0,0
NBCC (India) Ltd.,Construction,NBCC,NSE_EQ|INE095N01031,0.0,0,0,0,0,0,0,0
NCC Ltd.,Construction,NCC,NSE_EQ|INE868B01028,0.0,0,0,0,0,0,0,0
NHPC Ltd.,Power,NHPC,NSE_EQ|INE848E01016,0.0,0,0,0,0,0,0,0
NLC India Ltd.,Power,NLCINDIA,NSE_EQ|INE589A01014,0.0,0,0,0,0,0,0,0
NMDC Ltd.,Metals & Mining,NMDC,NSE_EQ|INE584A01023,0.0,0,0,0,0,0,0,0
NMDC Steel Ltd.,Metals & Mining,NSLNISP,NSE_EQ|INE0NNS01018,0.0,0,0,0,0,0,0,0
NTPC Green Energy Ltd.,Power,NTPCGREEN,NSE_EQ|INE0ONG01011,0.0,0,0,0,0,0,0,0
NTPC Ltd.,Power,NTPC,NSE_EQ|INE733E01010,0.0,0,0,0,0,0,0,0
Narayana Hrudayalaya Ltd.,Healthcare,NH,NSE_EQ|INE410P01011,0.0,0,0,0,0,0,0,0
National Aluminium Co. Ltd.,Metals & Mining,NATIONALUM,NSE_EQ|INE139A01034,0.0,0,0,0,0,0,0,0
Nava Ltd.,Power,NAVA,NSE_EQ|INE725A01030,0.0,0,0,0,0,0,0,0
Navin Fluorine International Ltd.,Chemicals,NAVINFLUOR,NSE_EQ|INE048G01026,0.0,0,0,0,0,0,0,0
Nestle India Ltd.,Fast Moving Consumer Goods,NESTLEIND,NSE_EQ|INE239A01024,0.0,0,0,0,0,0,0,0
Netweb Technologies India Ltd.,Information Technology,NETWEB,NSE_EQ|INE0NT901020,0.0,0,0,0,0,0,0,0
Neuland Laboratories Ltd.,Healthcare,NEULANDLAB,NSE_EQ|INE794A01010,0.0,0,0,0,0,0,0,0
Newgen Software Technologies Ltd.,Information Technology,NEWGEN,NSE_EQ|INE619B01017,0.0,0,0,0,0,0,0,0
Nippon Life India Asset Management Ltd.,Financial Services,NAM-INDIA,NSE_EQ|INE298J01013,0.0,0,0,0,0,0,0,0
Niva Bupa Health Insurance Company Ltd.,Financial Services,NIVABUPA,NSE_EQ|INE995S01015,0.0,0,0,0,0,0,0,0
Nuvama Wealth Management Ltd.,Financial Services,NUVAMA,NSE_EQ|INE531F01023,0.0,0,0,0,0,0,0,0
Nuvoco Vistas Corporation Ltd.,Construction Materials,NUVOCO,NSE_EQ|INE118D01016,0.0,0,0,0,0,0,0,0
Oberoi Realty Ltd.,Realty,OBEROIRLTY,NSE_EQ|INE093I01010,0.0,0,0,0,0,0,0,0
Oil & Natural Gas Corporation Ltd.,Oil Gas & Consumable Fuels,ONGC,NSE_EQ|INE213A01029,0.0,0,0,0,0,0,0,0
Oil India Ltd.,Oil Gas & Consumable Fuels,OIL,NSE_EQ|INE274J01014,0.0,0,0,0,0,0,0,0
Ola Electric Mobility Ltd.,Automobile and Auto Components,OLAELEC,NSE_EQ|INE0LXG01040,0.0,0,0,0,0,0,0,0
Olectra Greentech Ltd.,Automobile and Auto Components,OLECTRA,NSE_EQ|INE260D01016,0.0,0,0,0,0,0,0,0
One 97 Communications Ltd.,Financial Services,PAYTM,NSE_EQ|INE982J01020,0.0,0,0,0,0,0,0,0
Onesource Specialty Pharma Ltd.,Healthcare,ONESOURCE,NSE_EQ|INE013P01021,0.0,0,0,0,0,0,0,0
Oracle Financial Services Software Ltd.,Information Technology,OFSS,NSE_EQ|INE881D01027,0.0,0,0,0,0,0,0,0
PB Fintech Ltd.,Financial Services,POLICYBZR,NSE_EQ|INE417T01026,0.0,0,0,0,0,0,0,0
PCBL Chemical Ltd.,Chemicals,PCBL,NSE_EQ|INE602A01031,0.0,0,0,0,0,0,0,0
PG Electroplast Ltd.,Consumer Durables,PGEL,NSE_EQ|INE457L01029,0.0,0,0,0,0,0,0,0
PI Industries Ltd.,Chemicals,PIIND,NSE_EQ|INE603J01030,0.0,0,0,0,0,0,0,0
PNB Housing Finance Ltd.,Financial Services,PNBHOUSING,NSE_EQ|INE572E01012,0.0,0,0,0,0,0,0,0
PTC Industries Ltd.,Capital Goods,PTCIL,NSE_EQ|INE596F01018,0.0,0,0,0,0,0,0,0
PVR INOX Ltd.,Media Entertainment & Publication,PVRINOX,NSE_EQ|INE191H01014,0.0,0,0,0,0,0,0,0
Page Industries Ltd.,Textiles,PAGEIND,NSE_EQ|INE761H01022,0.0,0,0,0,0,0,0,0
Patanjali Foods Ltd.,Fast Moving Consumer Goods,PATANJALI,NSE_EQ|INE619A01035,0.0,0,0,0,0,0,0,0
Persistent Systems Ltd.,Information Technology,PERSISTENT,NSE_EQ|INE262H01021,0.0,0,0,0,0,0,0,0
Petronet LNG Ltd.,Oil Gas & Consumable Fuels,PETRONET,NSE_EQ|INE347G01014,0.0,0,0,0,0,0,0,0
Pfizer Ltd.,Healthcare,PFIZER,NSE_EQ|INE182A01018,0.0,0,0,0,0,0,0,0
Phoenix Mills Ltd.,Realty,PHOENIXLTD,NSE_EQ|INE211B01039,0.0,0,0,0,0,0,0,0
Pidilite Industries Ltd.,Chemicals,PIDILITIND,NSE_EQ|INE318A01026,0.0,0,0,0,0,0,0,0
Piramal Pharma Ltd.,Healthcare,PPLPHARMA,NSE_EQ|INE0DK501011,0.0,0,0,0,0,0,0,0
Poly Medicure Ltd.,Healthcare,POLYMED,NSE_EQ|INE205C01021,0.0,0,0,0,0,0,0,0
Polycab India Ltd.,Capital Goods,POLYCAB,NSE_EQ|INE455K01017,0.0,0,0,0,0,0,0,0
Poonawalla Fincorp Ltd.,Financial Services,POONAWALLA,NSE_EQ|INE511C01022,0.0,0,0,0,0,0,0,0
Power Finance Corporation Ltd.,Financial Services,PFC,NSE_EQ|INE134E01011,0.0,0,0,0,0,0,0,0
Power Grid Corporation of India Ltd.,Power,POWERGRID,NSE_EQ|INE752E01010,0.0,0,0,0,0,0,0,0
Praj Industries Ltd.,Capital Goods,PRAJIND,NSE_EQ|INE074A01025,0.0,0,0,0,0,0,0,0
Premier Energies Ltd.,Capital Goods,PREMIERENE,NSE_EQ|INE0BS701011,0.0,0,0,0,0,0,0,0
Prestige Estates Projects Ltd.,Realty,PRESTIGE,NSE_EQ|INE811K01011,0.0,0,0,0,0,0,0,0
Procter & Gamble Hygiene & Health Care Ltd.,Fast Moving Consumer Goods,PGHH,NSE_EQ|INE179A01014,0.0,0,0,0,0,0,0,0
Punjab National Bank,Financial Services,PNB,NSE_EQ|INE160A01022,0.0,0,0,0,0,0,0,0
R R Kabel Ltd.,Capital Goods,RRKABEL,NSE_EQ|INE777K01022,0.0,0,0,0,0,0,0,0
RBL Bank Ltd.,Financial Services,RBLBANK,NSE_EQ|INE976G01028,0.0,0,0,0,0,0,0,0
REC Ltd.,Financial Services,RECLTD,NSE_EQ|INE020B01018,0.0,0,0,0,0,0,0,0
RHI MAGNESITA INDIA LTD.,Capital Goods,RHIM,NSE_EQ|INE743M01012,0.0,0,0,0,0,0,0,0
RITES Ltd.,Construction,RITES,NSE_EQ|INE320J01015,0.0,0,0,0,0,0,0,0
Radico Khaitan Ltd,Fast Moving Consumer Goods,RADICO,NSE_EQ|INE944F01028,0.0,0,0,0,0,0,0,0
Rail Vikas Nigam Ltd.,Construction,RVNL,NSE_EQ|INE415G01027,0.0,0,0,0,0,0,0,0
Railtel Corporation Of India Ltd.,Telecommunication,RAILTEL,NSE_EQ|INE0DD101019,0.0,0,0,0,0,0,0,0
Rainbow Childrens Medicare Ltd.,Healthcare,RAINBOW,NSE_EQ|INE961O01016,0.0,0,0,0,0,0,0,0
Ramkrishna Forgings Ltd.,Automobile and Auto Components,RKFORGE,NSE_EQ|INE399G01023,0.0,0,0,0,0,0,0,0
Rashtriya Chemicals & Fertilizers Ltd.,Chemicals,RCF,NSE_EQ|INE027A01015,0.0,0,0,0,0,0,0,0
Redington Ltd.,Services,REDINGTON,NSE_EQ|INE891D01026,0.0,0,0,0,0,0,0,0
Reliance Industries Ltd.,Oil Gas & Consumable Fuels,RELIANCE,NSE_EQ|INE002A01018,0.0,0,0,0,0,0,0,0
Reliance Infrastructure Ltd.,Power,RELINFRA,NSE_EQ|INE036A01016,0.0,0,0,0,0,0,0,0
Reliance Power Ltd.,Power,RPOWER,NSE_EQ|INE614G01033,0.0,0,0,0,0,0,0,0
SBFC Finance Ltd.,Financial Services,SBFC,NSE_EQ|INE423Y01016,0.0,0,0,0,0,0,0,0
SBI Cards and Payment Services Ltd.,Financial Services,SBICARD,NSE_EQ|INE018E01016,0.0,0,0,0,0,0,0,0
SBI Life Insurance Company Ltd.,Financial Services,SBILIFE,NSE_EQ|INE123W01016,0.0,0,0,0,0,0,0,0
SJVN Ltd.,Power,SJVN,NSE_EQ|INE002L01015,0.0,0,0,0,0,0,0,0
SRF Ltd.,Chemicals,SRF,NSE_EQ|INE647A01010,0.0,0,0,0,0,0,0,0
Sagility Ltd.,Information Technology,SAGILITY,NSE_EQ|INE0W2G01015,0.0,0,0,0,0,0,0,0
Sai Life Sciences Ltd.,Healthcare,SAILIFE,NSE_EQ|INE570L01029,0.0,0,0,0,0,0,0,0
Sammaan Capital Ltd.,Financial Services,SAMMAANCAP,NSE_EQ|INE148I01020,0.0,0,0,0,0,0,0,0
Samvardhana Motherson International Ltd.,Automobile and Auto Components,MOTHERSON,NSE_EQ|INE775A01035,0.0,0,0,0,0,0,0,0
Sapphire Foods India Ltd.,Consumer Services,SAPPHIRE,NSE_EQ|INE806T01020,0.0,0,0,0,0,0,0,0
Sarda Energy and Minerals Ltd.,Metals & Mining,SARDAEN,NSE_EQ|INE385C01021,0.0,0,0,0,0,0,0,0
Saregama India Ltd,Media Entertainment & Publication,SAREGAMA,NSE_EQ|INE979A01025,0.0,0,0,0,0,0,0,0
Schaeffler India Ltd.,Automobile and Auto Components,SCHAEFFLER,NSE_EQ|INE513A01022,0.0,0,0,0,0,0,0,0
Schneider Electric Infrastructure Ltd.,Capital Goods,SCHNEIDER,NSE_EQ|INE839M01018,0.0,0,0,0,0,0,0,0
Shipping Corporation of India Ltd.,Services,SCI,NSE_EQ|INE109A01011,0.0,0,0,0,0,0,0,0
Shree Cement Ltd.,Construction Materials,SHREECEM,NSE_EQ|INE070A01015,0.0,0,0,0,0,0,0,0
Shriram Finance Ltd.,Financial Services,SHRIRAMFIN,NSE_EQ|INE721A01047,0.0,0,0,0,0,0,0,0
Shyam Metalics and Energy Ltd.,Capital Goods,SHYAMMETL,NSE_EQ|INE810G01011,0.0,0,0,0,0,0,0,0
Siemens Energy India Ltd.,Capital Goods,ENRIN,NSE_EQ|INE1NPP01017,0.0,0,0,0,0,0,0,0
Siemens Ltd.,Capital Goods,SIEMENS,NSE_EQ|INE003A01024,0.0,0,0,0,0,0,0,0
Signatureglobal (India) Ltd.,Realty,SIGNATURE,NSE_EQ|INE903U01023,0.0,0,0,0,0,0,0,0
Sobha Ltd.,Realty,SOBHA,NSE_EQ|INE671H01015,0.0,0,0,0,0,0,0,0
Solar Industries India Ltd.,Chemicals,SOLARINDS,NSE_EQ|INE343H01029,0.0,0,0,0,0,0,0,0
Sona BLW Precision Forgings Ltd.,Automobile and Auto Components,SONACOMS,NSE_EQ|INE073K01018,0.0,0,0,0,0,0,0,0
Sonata Software Ltd.,Information Technology,SONATSOFTW,NSE_EQ|INE269A01021,0.0,0,0,0,0,0,0,0
Star Health and Allied Insurance Company Ltd.,Financial Services,STARHEALTH,NSE_EQ|INE575P01011,0.0,0,0,0,0,0,0,0
State Bank of India,Financial Services,SBIN,NSE_EQ|INE062A01020,0.0,0,0,0,0,0,0,0
Steel Authority of India Ltd.,Metals & Mining,SAIL,NSE_EQ|INE114A01011,0.0,0,0,0,0,0,0,0
Sumitomo Chemical India Ltd.,Chemicals,SUMICHEM,NSE_EQ|INE258G01013,0.0,0,0,0,0,0,0,0
Sun Pharmaceutical Industries Ltd.,Healthcare,SUNPHARMA,NSE_EQ|INE044A01036,0.0,0,0,0,0,0,0,0
Sun TV Network Ltd.,Media Entertainment & Publication,SUNTV,NSE_EQ|INE424H01027,0.0,0,0,0,0,0,0,0
Sundaram Finance Ltd.,Financial Services,SUNDARMFIN,NSE_EQ|INE660A01013,0.0,0,0,0,0,0,0,0
Sundram Fasteners Ltd.,Automobile and Auto Components,SUNDRMFAST,NSE_EQ|INE387A01021,0.0,0,0,0,0,0,0,0
Supreme Industries Ltd.,Capital Goods,SUPREMEIND,NSE_EQ|INE195A01028,0.0,0,0,0,0,0,0,0
Suzlon Energy Ltd.,Capital Goods,SUZLON,NSE_EQ|INE040H01021,0.0,0,0,0,0,0,0,0
Swan Corp Ltd.,Chemicals,SWANCORP,NSE_EQ|INE665A01038,0.0,0,0,0,0,0,0,0
Swiggy Ltd.,Consumer Services,SWIGGY,NSE_EQ|INE00H001014,0.0,0,0,0,0,0,0,0
Syngene International Ltd.,Healthcare,SYNGENE,NSE_EQ|INE398R01022,0.0,0,0,0,0,0,0,0
Syrma SGS Technology Ltd.,Capital Goods,SYRMA,NSE_EQ|INE0DYJ01015,0.0,0,0,0,0,0,0,0
TBO Tek Ltd.,Consumer Services,TBOTEK,NSE_EQ|INE673O01025,0.0,0,0,0,0,0,0,0
TVS Motor Company Ltd.,Automobile and Auto Components,TVSMOTOR,NSE_EQ|INE494B01023,0.0,0,0,0,0,0,0,0
Tata Chemicals Ltd.,Chemicals,TATACHEM,NSE_EQ|INE092A01019,0.0,0,0,0,0,0,0,0
Tata Communications Ltd.,Telecommunication,TATACOMM,NSE_EQ|INE151A01013,0.0,0,0,0,0,0,0,0
Tata Consultancy Services Ltd.,Information Technology,TCS,NSE_EQ|INE467B01029,0.0,0,0,0,0,0,0,0
Tata Consumer Products Ltd.,Fast Moving Consumer Goods,TATACONSUM,NSE_EQ|INE192A01025,0.0,0,0,0,0,0,0,0
Tata Elxsi Ltd.,Information Technology,TATAELXSI,NSE_EQ|INE670A01012,0.0,0,0,0,0,0,0,0
Tata Investment Corporation Ltd.,Financial Services,TATAINVEST,NSE_EQ|INE672A01026,0.0,0,0,0,0,0,0,0
Tata Motors Passenger Vehicles Ltd.,Automobile and Auto Components,TMPV,NSE_EQ|INE155A01022,0.0,0,0,0,0,0,0,0
Tata Power Co. Ltd.,Power,TATAPOWER,NSE_EQ|INE245A01021,0.0,0,0,0,0,0,0,0
Tata Steel Ltd.,Metals & Mining,TATASTEEL,NSE_EQ|INE081A01020,0.0,0,0,0,0,0,0,0
Tata Technologies Ltd.,Information Technology,TATATECH,NSE_EQ|INE142M01025,0.0,0,0,0,0,0,0,0
Tata Teleservices (Maharashtra) Ltd.,Telecommunication,TTML,NSE_EQ|INE517B01013,0.0,0,0,0,0,0,0,0
Tech Mahindra Ltd.,Information Technology,TECHM,NSE_EQ|INE669C01036,0.0,0,0,0,0,0,0,0
Techno Electric & Engineering Company Ltd.,Construction,TECHNOE,NSE_EQ|INE285K01026,0.0,0,0,0,0,0,0,0
Tejas Networks Ltd.,Telecommunication,TEJASNET,NSE_EQ|INE010J01012,0.0,0,0,0,0,0,0,0
The New India Assurance Company Ltd.,Financial Services,NIACL,NSE_EQ|INE470Y01017,0.0,0,0,0,0,0,0,0
The Ramco Cements Ltd.,Construction Materials,RAMCOCEM,NSE_EQ|INE331A01037,0.0,0,0,0,0,0,0,0
Thermax Ltd.,Capital Goods,THERMAX,NSE_EQ|INE152A01029,0.0,0,0,0,0,0,0,0
Timken India Ltd.,Capital Goods,TIMKEN,NSE_EQ|INE325A01013,0.0,0,0,0,0,0,0,0
Titagarh Rail Systems Ltd.,Capital Goods,TITAGARH,NSE_EQ|INE615H01020,0.0,0,0,0,0,0,0,0
Titan Company Ltd.,Consumer Durables,TITAN,NSE_EQ|INE280A01028,0.0,0,0,0,0,0,0,0
Torrent Pharmaceuticals Ltd.,Healthcare,TORNTPHARM,NSE_EQ|INE685A01028,0.0,0,0,0,0,0,0,0
Torrent Power Ltd.,Power,TORNTPOWER,NSE_EQ|INE813H01021,0.0,0,0,0,0,0,0,0
Transformers And Rectifiers (India) Ltd.,Capital Goods,TARIL,NSE_EQ|INE763I01026,0.0,0,0,0,0,0,0,0
Trent Ltd.,Consumer Services,TRENT,NSE_EQ|INE849A01020,0.0,0,0,0,0,0,0,0
Trident Ltd.,Textiles,TRIDENT,NSE_EQ|INE064C01022,0.0,0,0,0,0,0,0,0
Triveni Engineering & Industries Ltd.,Fast Moving Consumer Goods,TRIVENI,NSE_EQ|INE256C01024,0.0,0,0,0,0,0,0,0
Triveni Turbine Ltd.,Capital Goods,TRITURBINE,NSE_EQ|INE152M01016,0.0,0,0,0,0,0,0,0
Tube Investments of India Ltd.,Automobile and Auto Components,TIINDIA,NSE_EQ|INE974X01010,0.0,0,0,0,0,0,0,0
UCO Bank,Financial Services,UCOBANK,NSE_EQ|INE691A01018,0.0,0,0,0,0,0,0,0
UNO Minda Ltd.,Automobile and Auto Components,UNOMINDA,NSE_EQ|INE405E01023,0.0,0,0,0,0,0,0,0
UPL Ltd.,Chemicals,UPL,NSE_EQ|INE628A01036,0.0,0,0,0,0,0,0,0
UTI Asset Management Company Ltd.,Financial Services,UTIAMC,NSE_EQ|INE094J01016,0.0,0,0,0,0,0,0,0
UltraTech Cement Ltd.,Construction Materials,ULTRACEMCO,NSE_EQ|INE481G01011,0.0,0,0,0,0,0,0,0
Union Bank of India,Financial Services,UNIONBANK,NSE_EQ|INE692A01016,0.0,0,0,0,0,0,0,0
United Breweries Ltd.,Fast Moving Consumer Goods,UBL,NSE_EQ|INE686F01025,0.0,0,0,0,0,0,0,0
United Spirits Ltd.,Fast Moving Consumer Goods,UNITDSPR,NSE_EQ|INE854D01024,0.0,0,0,0,0,0,0,0
Usha Martin Ltd.,Capital Goods,USHAMART,NSE_EQ|INE228A01035,0.0,0,0,0,0,0,0,0
V-Guard Industries Ltd.,Consumer Durables,VGUARD,NSE_EQ|INE951I01027,0.0,0,0,0,0,0,0,0
Valor Estate Ltd.,Consumer Services,DBREALTY,NSE_EQ|INE879I01012,0.0,0,0,0,0,0,0,0
Vardhman Textiles Ltd.,Textiles,VTL,NSE_EQ|INE825A01020,0.0,0,0,0,0,0,0,0
Varun Beverages Ltd.,Fast Moving Consumer Goods,VBL,NSE_EQ|INE200M01039,0.0,0,0,0,0,0,0,0
Vedant Fashions Ltd.,Consumer Services,MANYAVAR,NSE_EQ|INE825V01034,0.0,0,0,0,0,0,0,0
Vedanta Ltd.,Metals & Mining,VEDL,NSE_EQ|INE205A01025,0.0,0,0,0,0,0,0,0
Ventive Hospitality Ltd.,Consumer Services,VENTIVE,NSE_EQ|INE781S01027,0.0,0,0,0,0,0,0,0
Vijaya Diagnostic Centre Ltd.,Healthcare,VIJAYA,NSE_EQ|INE043W01024,0.0,0,0,0,0,0,0,0
Vishal Mega Mart Ltd.,Consumer Services,VMM,NSE_EQ|INE01EA01019,0.0,0,0,0,0,0,0,0
Vodafone Idea Ltd.,Telecommunication,IDEA,NSE_EQ|INE669E01016,0.0,0,0,0,0,0,0,0
Voltas Ltd.,Consumer Durables,VOLTAS,NSE_EQ|INE226A01021,0.0,0,0,0,0,0,0,0
Waaree Energies Ltd.,Capital Goods,WAAREEENER,NSE_EQ|INE377N01017,0.0,0,0,0,0,0,0,0
Welspun Corp Ltd.,Capital Goods,WELCORP,NSE_EQ|INE191B01025,0.0,0,0,0,0,0,0,0
Welspun Living Ltd.,Textiles,WELSPUNLIV,NSE_EQ|INE192B01031,0.0,0,0,0,0,0,0,0
Whirlpool of India Ltd.,Consumer Durables,WHIRLPOOL,NSE_EQ|INE716A01013,0.0,0,0,0,0,0,0,0
Wipro Ltd.,Information Technology,WIPRO,NSE_EQ|INE075A01022,0.0,0,0,0,0,0,0,0
Wockhardt Ltd.,Healthcare,WOCKPHARMA,NSE_EQ|INE049B01025,0.0,0,0,0,0,0,0,0
Yes Bank Ltd.,Financial Services,YESBANK,NSE_EQ|INE528G01035,0.0,0,0,0,0,0,0,0
ZF Commercial Vehicle Control Systems India Ltd.,Automobile and Auto Components,ZFCVINDIA,NSE_EQ|INE342J01019,0.0,0,0,0,0,0,0,0
Zee Entertainment Enterprises Ltd.,Media Entertainment & Publication,ZEEL,NSE_EQ|INE256A01028,0.0,0,0,0,0,0,0,0
Zen Technologies Ltd.,Capital Goods,ZENTEC,NSE_EQ|INE251B01027,0.0,0,0,0,0,0,0,0
Zensar Technolgies Ltd.,Information Technology,ZENSARTECH,NSE_EQ|INE520A01027,0.0,0,0,0,0,0,0,0
Zydus Lifesciences Ltd.,Healthcare,ZYDUSLIFE,NSE_EQ|INE010B01027,0.0,0,0,0,0,0,0,0
eClerx Services Ltd.,Services,ECLERX,NSE_EQ|INE738I01010,0.0,0,0,0,0,0,0,0
